business,creative_id,creative_name,bucket,asset_type,creative_format,objective,last_seen_date,effective_status,age_days,active_days_30d,days_since_last_spend,spend_lifetime,spend_30d,spend_7d,purchases_lifetime,revenue_lifetime,roas_lifetime,spend_28d,purchases_28d,purchase_value_28d,roas_28d,lc_spend_7d,lc_purchases_7d,lc_roas_7d,cpa_28d,ctr_28d,frequency_28d,impressions_28d,thumbstop_28d,outbound_click_rate_28d,link_to_lpv_rate_28d,link_to_atc_rate_28d,lpv_to_atc_rate_28d,atc_to_ic_rate_28d,ic_to_purchase_rate_28d,click_to_purchase_rate_28d,lifecycle_position,fatigue_status,fatigue_confidence,peak_roas_30d,days_since_peak,spend_slope_7d,spend_slope_30d,roas_slope_7d,roas_slope_30d,spend_trajectory_30d,funnel_primary_weak_stage,funnel_confidence,creative_responsibility_score,site_responsibility_score,checkout_responsibility_score,tracking_anomaly_score,quality_ranking,engagement_rate_ranking,conversion_rate_ranking,operator_response_type,target_roas,break_even_roas,default_risk_posture,aov_assumption,eligible_for_lifecycle
TheSwaf,1370381998117941,Advantage+ catalog ad,closed_30d,feed_catalog,catalog,OUTCOME_SALES,"""2026-04-12T21:00:00.000Z""",CAMPAIGN_PAUSED,212,4,22,31942.55,688.89,0.00,410,61221.77,1.9166,145.44,1,176.84,1.2159,0.00,0,,145.44,4.1151,1.2450,11786,7.0440,2.3333,91.0035,1.3841,1.5209,50.0000,50.0000,0.3460,insufficient_history,watch,0.7800,,,,,,,unknown,insufficient_signal,0.0000,0.0000,0.0000,0.0000,0.0000,unknown,unknown,unknown,,2.20,1.71,aggressive,,false
TheSwaf,1347969233807910,EMB - CatalogAd,active,feed_catalog,catalog,OUTCOME_SALES,"""2026-05-04T21:00:00.000Z""",ACTIVE,26,27,0,10175.42,10175.42,2976.38,75,14642.95,1.4391,9963.40,73,13681.81,1.3732,2764.36,18,1.4032,136.48,5.0966,1.3633,758807,7.4974,2.1304,73.1778,2.5132,3.4344,24.2950,65.1786,0.3980,past_peak_unclear,none,0.4800,2.3159,22,-51.0536,5.7845,-0.2557,-0.0150,flat,insufficient_signal,0.0000,0.0000,0.0000,0.0000,0.0000,unknown,unknown,unknown,,2.20,1.71,aggressive,,true
TheSwaf,1521071976374724,EmB - Catalog Ad,active,feed_catalog,catalog,OUTCOME_SALES,"""2026-05-04T21:00:00.000Z""",ACTIVE,26,27,0,9024.89,9024.89,3121.59,62,11786.76,1.3060,8824.21,61,11566.76,1.3108,2920.91,13,0.9153,144.66,3.8671,1.2522,301285,5.0916,2.4279,82.5031,3.1604,3.8307,16.6667,132.6087,0.6985,past_peak_unclear,none,0.4800,2.3610,24,-56.5096,13.8512,0.0223,-0.0273,flat,insufficient_signal,0.0000,0.0000,0.0000,0.0000,0.0000,unknown,unknown,unknown,,2.20,1.71,aggressive,,true
TheSwaf,736272486128828,AllRings,closed_30d,video,video,OUTCOME_SALES,"""2026-04-08T21:00:00.000Z""",CAMPAIGN_PAUSED,216,2,26,2589.10,38.79,0.00,28,4187.84,1.6175,38.79,0,0.00,0.0000,0.00,0,,,4.5419,1.2700,2554,84.1015,4.1895,66.3717,24.7788,37.3333,0.0000,,0.0000,insufficient_history,none,0.6200,,,,,,,unknown,landing_page,0.8000,0.0000,1.0000,0.0000,0.0000,unknown,unknown,unknown,,2.20,1.71,aggressive,,false
TheSwaf,1851364679152359,AllRings,closed_30d,video,video,OUTCOME_SALES,"""2026-04-10T21:00:00.000Z""",CAMPAIGN_PAUSED,207,2,24,2319.48,84.70,0.00,31,4859.32,2.0950,0.00,0,0.00,,0.00,0,,,,,0,,,,,,,,,insufficient_history,none,0.5600,,,,,,,unknown,insufficient_signal,0.0000,0.0000,0.0000,0.0000,0.0000,unknown,unknown,unknown,,2.20,1.71,aggressive,,false
TheSwaf,2804457086560981,wearthefearrevise,active,flexible,image,OUTCOME_SALES,"""2026-05-04T21:00:00.000Z""",ACTIVE,26,27,0,2293.22,2293.22,628.48,10,1991.00,0.8682,2240.92,10,1991.00,0.8885,576.18,2,0.6092,224.09,5.2553,1.1444,36249,0.0108,4.4139,94.2557,3.3972,3.6042,9.0909,200.0000,0.6177,past_peak_unclear,none,0.4800,3.0568,22,-9.1864,1.2282,-0.0476,-0.0689,flat,upper_funnel,0.8000,1.0000,0.0000,0.0000,0.0000,unknown,unknown,unknown,,2.20,1.71,aggressive,,true
TheSwaf,1960236391551172,aura,active,feed,image,OUTCOME_SALES,"""2026-05-04T21:00:00.000Z""",ACTIVE,26,27,0,1788.28,1788.28,544.32,17,3387.33,1.8942,1763.43,17,3387.33,1.9209,519.47,4,1.3957,103.73,3.8349,1.1630,63052,0.7737,2.6819,73.9692,4.2722,5.7757,16.2791,121.4286,0.8445,past_peak_unclear,none,0.6400,6.9035,23,-12.5093,1.9408,-0.4564,-0.1233,flat,landing_page,0.8000,0.0000,1.0000,0.0000,0.0000,unknown,unknown,unknown,,2.20,1.71,aggressive,,true
TheSwaf,967749279083373,protection,active,feed,image,OUTCOME_SALES,"""2026-05-04T21:00:00.000Z""",ACTIVE,26,27,0,1620.52,1620.52,557.78,14,3225.92,1.9907,1596.12,14,3225.92,2.0211,533.38,5,1.7652,114.01,3.9103,1.1889,57004,0.7939,2.7209,75.3025,4.5105,5.9898,8.5366,200.0000,0.7701,past_peak_unclear,none,0.6400,7.2352,16,-13.2207,2.6293,0.6793,-0.0705,flat,landing_page,0.8000,0.0000,1.0000,0.0000,0.0000,unknown,unknown,unknown,,2.20,1.71,aggressive,,true
TheSwaf,951995590658338,aphrodite,active,feed,image,OUTCOME_SALES,"""2026-05-04T21:00:00.000Z""",ACTIVE,26,27,0,1471.75,1471.75,567.65,13,2572.19,1.7477,1439.01,13,2572.19,1.7875,534.91,6,2.3224,110.69,3.5177,1.1985,49094,0.6407,2.4687,79.1814,5.5752,7.0410,17.7215,92.8571,0.9174,past_peak_natural,none,0.4800,42.9530,25,-11.7150,3.6961,-0.1918,-0.4797,rising,none,1.0000,0.0000,0.0000,0.0000,0.0000,unknown,unknown,unknown,,2.20,1.71,aggressive,,true
TheSwaf,1561834608247242,fatal,active,feed,image,OUTCOME_SALES,"""2026-05-04T21:00:00.000Z""",ACTIVE,26,27,0,1215.76,1215.76,509.25,7,1576.81,1.2970,1179.54,7,1576.81,1.3368,473.03,2,0.5581,168.51,3.6856,1.1311,40699,1.0881,2.6757,80.0321,4.0096,5.0100,18.0000,77.7778,0.5613,past_peak_unclear,none,0.4800,4.9206,10,-6.6679,2.5643,-0.1795,-0.0407,rising,none,1.0000,0.0000,0.0000,0.0000,0.0000,unknown,unknown,unknown,,2.20,1.71,aggressive,,true
TheSwaf,3357963294352238,ReligiousNecklaceFlex,closed_30d,video,video,OUTCOME_SALES,"""2026-04-12T21:00:00.000Z""",CAMPAIGN_PAUSED,216,4,22,767.48,20.91,0.00,2,367.43,0.4787,6.28,0,0.00,0.0000,0.00,0,,,6.2053,1.0900,419,82.1021,4.0573,72.2222,0.0000,0.0000,,,0.0000,insufficient_history,none,0.4800,,,,,,,unknown,insufficient_signal,0.0000,0.0000,0.0000,0.0000,0.0000,unknown,unknown,unknown,,2.20,1.71,aggressive,,false
TheSwaf,841424642307232,EMB - CatalogAd,active,feed_catalog,catalog,OUTCOME_SALES,"""2026-05-04T21:00:00.000Z""",ACTIVE,3,4,0,737.11,737.11,737.11,2,361.03,0.4898,620.22,2,361.03,0.5821,620.22,2,0.5821,310.11,3.9992,1.3675,51135,8.9086,1.8246,69.5866,2.2638,3.2532,26.0870,33.3333,0.1969,insufficient_history,none,0.4800,,,,,,,unknown,insufficient_signal,0.0000,0.0000,0.0000,0.0000,0.0000,unknown,unknown,unknown,,2.20,1.71,aggressive,,false
TheSwaf,941030035300398,biterevise,active,feed,image,OUTCOME_SALES,"""2026-05-04T21:00:00.000Z""",ACTIVE,26,27,0,607.63,607.63,85.91,8,2108.20,3.4695,593.05,8,2108.20,3.5548,71.33,0,0.0000,74.13,3.4852,1.1444,19052,0.6286,2.6769,82.2142,4.1742,5.0773,13.0435,266.6667,1.4519,past_peak_unclear,none,0.6400,16.0371,16,3.0668,-1.5864,0.0000,-0.2280,falling,none,1.0000,0.0000,0.0000,0.0000,0.0000,unknown,unknown,unknown,,2.20,1.71,aggressive,,true
TheSwaf,2731945777166108,depth,closed_30d,feed,image,OUTCOME_SALES,"""2026-04-25T21:00:00.000Z""",PAUSED,26,12,9,587.18,587.18,0.00,2,369.00,0.6284,587.18,2,369.00,0.6284,0.00,0,,293.59,3.9533,1.1400,17555,0.6322,3.1843,100.8621,2.0690,2.0513,33.3333,50.0000,0.3448,past_peak_unclear,none,0.4800,73.9479,11,,-2.9512,,0.0000,falling,upper_funnel,0.8000,1.0000,0.0000,0.0000,0.0000,unknown,unknown,unknown,,2.20,1.71,aggressive,,true
TheSwaf,1250889117025589,restraintrevise,active,feed,image,OUTCOME_SALES,"""2026-05-04T21:00:00.000Z""",ACTIVE,26,27,0,519.55,519.55,58.92,7,2105.83,4.0532,504.32,7,2105.83,4.1756,43.69,1,3.9048,72.05,4.2664,1.1085,15915,0.5205,2.9469,83.7037,3.5185,4.2035,31.5789,116.6667,1.2963,past_peak_unclear,watch,0.7800,63.8085,8,1.6996,-1.0408,0.7578,0.7036,falling,none,1.0000,0.0000,0.0000,0.0000,0.0000,unknown,unknown,unknown,,2.20,1.71,aggressive,,true
TheSwaf,1344068397554957,EMB - AllRings,active,video,video,OUTCOME_SALES,"""2026-05-04T21:00:00.000Z""",ACTIVE,26,27,0,517.38,517.38,234.78,4,724.17,1.3997,498.16,4,724.17,1.4537,215.56,2,1.8277,124.54,3.3558,1.3337,37607,84.0149,2.6883,79.9615,2.0231,2.5301,19.0476,100.0000,0.3854,past_peak_unclear,none,0.4800,4.2601,13,-0.8436,0.7243,0.0025,0.0389,flat,landing_page,0.8000,0.0000,1.0000,0.0000,0.0000,unknown,unknown,unknown,,2.20,1.71,aggressive,,true
TheSwaf,930269923096296,begintodeath,active,flexible,image,OUTCOME_SALES,"""2026-05-04T21:00:00.000Z""",ACTIVE,26,27,0,398.07,398.07,68.16,2,785.00,1.9720,389.62,2,785.00,2.0148,59.71,0,0.0000,194.81,3.7496,1.1026,12348,0.0082,2.9236,86.8852,3.8251,4.4025,21.4286,66.6667,0.5464,past_peak_unclear,none,0.6400,15.5414,16,0.7979,-0.9467,0.0000,-0.1583,falling,none,1.0000,0.0000,0.0000,0.0000,0.0000,unknown,unknown,unknown,,2.20,1.71,aggressive,,true
TheSwaf,1383902269751310,TargeryenFlex,closed_30d,video,video,OUTCOME_SALES,"""2026-04-13T21:00:00.000Z""",CAMPAIGN_PAUSED,211,3,21,397.03,26.82,0.00,1,183.86,0.4631,5.97,0,0.00,0.0000,0.00,0,,,3.2149,1.1500,591,87.1400,2.5381,81.2500,0.0000,0.0000,,,0.0000,insufficient_history,none,0.4800,,,,,,,unknown,insufficient_signal,0.0000,0.0000,0.0000,0.0000,0.0000,unknown,unknown,unknown,,2.20,1.71,aggressive,,false
TheSwaf,1425547512680542,ancientegypt,closed_30d,flexible,image,OUTCOME_SALES,"""2026-04-21T21:00:00.000Z""",PAUSED,26,12,13,377.85,377.85,0.00,2,240.00,0.6352,377.85,2,240.00,0.6352,0.00,0,,188.92,2.8289,1.1483,11524,0.0270,1.9524,92.7660,4.2553,4.5872,10.0000,200.0000,0.8511,past_peak_unclear,none,0.4800,2.7304,26,,-2.7481,,-0.1189,falling,upper_funnel,0.8000,1.0000,0.0000,0.0000,0.0000,unknown,unknown,unknown,,2.20,1.71,aggressive,,true
TheSwaf,974060018521285,death,active,feed,image,OUTCOME_SALES,"""2026-05-04T21:00:00.000Z""",ACTIVE,26,27,0,373.83,373.83,84.21,3,520.00,1.3910,371.18,3,520.00,1.4009,81.56,1,1.8759,123.73,4.0213,1.1289,8057,8.2652,3.3387,94.0520,2.9740,3.1621,12.5000,300.0000,1.1152,past_peak_unclear,none,0.4800,5.3735,14,-1.1736,0.9148,-7.9771,0.5548,rising,upper_funnel,0.8000,1.0000,0.0000,0.0000,0.0000,unknown,unknown,unknown,,2.20,1.71,aggressive,,true
TheSwaf,1142325247324026,TargeryenFlex,closed_30d,video,video,OUTCOME_SALES,"""2026-04-10T21:00:00.000Z""",CAMPAIGN_PAUSED,215,1,24,349.89,0.19,0.00,4,777.84,2.2231,0.19,1,206.25,1085.5263,0.00,0,,0.19,4.1667,1.0400,24,83.3300,4.1667,100.0000,0.0000,0.0000,,,100.0000,insufficient_history,none,0.6400,,,,,,,unknown,insufficient_signal,0.0000,0.0000,0.0000,0.0000,0.0000,unknown,unknown,unknown,,2.20,1.71,aggressive,,false
TheSwaf,2195229177681668,angelNdevill,active,flexible,image,OUTCOME_SALES,"""2026-05-03T21:00:00.000Z""",ACTIVE,26,21,1,341.08,341.08,0.34,2,374.00,1.0965,341.08,2,374.00,1.0965,0.34,0,0.0000,170.54,3.3790,1.1086,9411,0.0000,2.6458,95.1613,6.4516,6.7797,12.5000,100.0000,0.8065,past_peak_unclear,none,0.4800,3.9787,19,-0.0089,-1.2357,0.0000,-0.0548,falling,upper_funnel,0.8500,1.0000,0.0000,0.0000,0.0000,unknown,unknown,unknown,,2.20,1.71,aggressive,,true
TheSwaf,935580372698767,faith,closed_30d,feed,image,OUTCOME_SALES,"""2026-04-19T21:00:00.000Z""",PAUSED,26,12,15,324.83,324.83,0.00,1,125.00,0.3848,324.83,1,125.00,0.3848,0.00,0,,324.83,4.1662,1.1417,9337,0.5033,3.2987,89.2744,3.1546,3.5336,20.0000,50.0000,0.3155,past_peak_unclear,none,0.4800,2.4338,25,,-0.8991,,-0.1230,flat,upper_funnel,0.8000,1.0000,0.0000,0.0000,0.0000,unknown,unknown,unknown,,2.20,1.71,aggressive,,true
TheSwaf,1133995451493304,MedusaFlex,closed_30d,video,video,OUTCOME_SALES,"""2026-04-08T21:00:00.000Z""",CAMPAIGN_PAUSED,216,4,26,305.00,11.19,0.00,3,514.70,1.6875,2.65,0,0.00,0.0000,0.00,0,,,4.3750,1.0500,160,91.8752,1.2500,50.0000,0.0000,0.0000,,,0.0000,insufficient_history,none,0.6200,,,,,,,unknown,insufficient_signal,0.0000,0.0000,0.0000,0.0000,0.0000,unknown,unknown,unknown,,2.20,1.71,aggressive,,false
TheSwaf,1474105167195606,Mix,closed_30d,video,video,OUTCOME_SALES,"""2026-04-08T21:00:00.000Z""",CAMPAIGN_PAUSED,212,2,26,237.43,2.50,0.00,5,591.71,2.4921,2.50,0,0.00,0.0000,0.00,0,,,6.2500,1.1600,128,79.6909,5.4688,71.4286,0.0000,0.0000,,,0.0000,insufficient_history,none,0.4800,,,,,,,unknown,insufficient_signal,0.0000,0.0000,0.0000,0.0000,0.0000,unknown,unknown,unknown,,2.20,1.71,aggressive,,false
TheSwaf,2413832812481192,watchthat,closed_30d,flexible,image,OUTCOME_SALES,"""2026-04-20T21:00:00.000Z""",PAUSED,26,12,14,226.26,226.26,0.00,0,0.00,0.0000,226.26,0,0.00,0.0000,0.00,0,,,3.6966,1.1983,5735,0.0000,2.8422,90.5325,7.1006,7.8431,0.0000,,0.0000,past_peak_unclear,none,0.4800,0.0000,26,,-2.4441,,0.0000,falling,upper_funnel,0.8500,1.0000,0.0000,0.0000,0.0000,unknown,unknown,unknown,,2.20,1.71,aggressive,,true
TheSwaf,2908323869499405,risklooksbetter,closed_30d,feed,image,OUTCOME_SALES,"""2026-04-19T21:00:00.000Z""",PAUSED,26,12,15,186.57,186.57,0.00,0,0.00,0.0000,186.57,0,0.00,0.0000,0.00,0,,,3.9981,1.1442,6303,0.4292,2.9986,89.2857,1.5306,1.7143,33.3333,0.0000,0.0000,past_peak_unclear,none,0.4800,0.0000,26,,-1.3162,,0.0000,falling,tracking,0.8500,0.0000,0.0000,0.0000,1.0000,unknown,unknown,unknown,,2.20,1.71,aggressive,,true
TheSwaf,1484306833294778,EMB - TargeryenFlex,active,video,video,OUTCOME_SALES,"""2026-05-04T21:00:00.000Z""",ACTIVE,25,24,0,155.52,155.52,89.10,1,224.18,1.4415,148.26,1,224.18,1.5121,81.84,1,2.7392,148.26,2.5965,1.1242,18679,91.6842,1.8363,75.9669,1.9337,2.5455,0.0000,,0.2762,past_peak_unclear,none,0.4800,5.4202,2,-0.5739,0.3783,0.3196,0.0649,rising,upper_funnel,0.8000,1.0000,0.0000,0.0000,0.0000,unknown,unknown,unknown,,2.20,1.71,aggressive,,true
TheSwaf,1476506453853715,legacyrevise,closed_30d,feed,image,OUTCOME_SALES,"""2026-04-19T21:00:00.000Z""",PAUSED,26,12,15,154.40,154.40,0.00,1,189.50,1.2273,154.40,1,189.50,1.2273,0.00,0,,154.40,3.6663,1.1017,5346,0.4864,2.9181,81.8750,3.7500,4.5802,16.6667,100.0000,0.6250,past_peak_unclear,none,0.4800,8.3333,15,,-1.2486,,0.3504,falling,none,1.0000,0.0000,0.0000,0.0000,0.0000,unknown,unknown,unknown,,2.20,1.71,aggressive,,true
TheSwaf,1879695362688413,bestseller,active,feed,image,OUTCOME_SALES,"""2026-05-04T21:00:00.000Z""",ACTIVE,26,26,0,122.48,122.48,9.43,2,316.00,2.5800,121.69,2,316.00,2.5968,8.64,0,0.0000,60.85,2.9547,1.1615,5449,0.7526,2.1839,77.2727,3.7879,4.9020,0.0000,,1.5152,past_peak_unclear,none,0.6400,41.7989,26,0.0532,-0.3588,0.0000,-0.3437,falling,landing_page,0.8000,0.0000,1.0000,0.0000,0.0000,unknown,unknown,unknown,,2.20,1.71,aggressive,,true
TheSwaf,1761002005018656,ring,active,feed,image,OUTCOME_SALES,"""2026-05-04T21:00:00.000Z""",ACTIVE,26,22,0,114.59,114.59,17.87,1,262.91,2.2944,112.74,1,262.91,2.3320,16.02,0,0.0000,112.74,2.9412,1.1573,5304,0.4340,2.2624,76.8000,0.0000,0.0000,,100.0000,0.8000,past_peak_unclear,none,0.6400,56.2976,12,0.1993,-0.2978,0.0000,0.0281,falling,landing_page,0.9000,0.0000,1.0000,0.0000,0.0000,unknown,unknown,unknown,,2.20,1.71,aggressive,,true
TheSwaf,1283690053078235,Mix,closed_30d,video,video,OUTCOME_SALES,"""2026-04-06T21:00:00.000Z""",CAMPAIGN_PAUSED,216,2,28,114.41,3.35,0.00,1,172.70,1.5095,0.00,0,,,0.00,0,,,,,,,,,,,,,,insufficient_history,none,0.4000,,,,,,,unknown,insufficient_signal,0.0000,0.0000,0.0000,0.0000,0.0000,unknown,unknown,unknown,,2.20,1.71,aggressive,,false
TheSwaf,1655126075507081,evolution,active,feed,image,OUTCOME_SALES,"""2026-05-04T21:00:00.000Z""",ACTIVE,26,27,0,106.57,106.57,22.21,0,0.00,0.0000,104.41,0,0.00,0.0000,20.05,0,0.0000,,4.2135,1.1156,2492,24.6799,3.4912,86.3636,1.1364,1.3158,100.0000,0.0000,0.0000,past_peak_natural,none,0.4800,0.0000,26,-0.1857,0.2352,0.0000,0.0000,rising,tracking,0.8500,0.0000,0.0000,0.0000,1.0000,unknown,unknown,unknown,,2.20,1.71,aggressive,,true
TheSwaf,967102445774372,EMB - Mix,active,video,video,OUTCOME_SALES,"""2026-05-04T21:00:00.000Z""",ACTIVE,26,21,0,102.32,102.32,64.33,1,151.79,1.4835,66.89,1,151.79,2.2692,28.90,1,5.2522,66.89,3.3857,1.2462,4903,73.0376,2.6310,74.2857,1.4286,1.9231,100.0000,50.0000,0.7143,closing,watch,0.7800,6.9533,1,1.5155,0.0982,0.7871,0.1088,flat,landing_page,0.9000,0.0000,1.0000,0.0000,0.0000,unknown,unknown,unknown,,2.20,1.71,aggressive,,true
TheSwaf,882777081456596,bestsellerringsgothic,active,feed,image,OUTCOME_SALES,"""2026-05-04T21:00:00.000Z""",ACTIVE,26,19,0,57.71,57.71,4.15,1,153.00,2.6512,57.44,1,153.00,2.6636,3.88,0,0.0000,57.44,3.2758,1.1116,2259,0.3984,2.4790,79.6610,3.3898,4.2553,50.0000,100.0000,1.6949,past_peak_unclear,none,0.6400,22.8358,26,-0.4871,-0.2869,0.0000,-0.2354,falling,none,1.0000,0.0000,0.0000,0.0000,0.0000,unknown,unknown,unknown,,2.20,1.71,aggressive,,true
TheSwaf,1417424656739964,Tastemythrevise,active,flexible,image,OUTCOME_SALES,"""2026-05-02T21:00:00.000Z""",ACTIVE,26,17,2,47.96,47.96,0.81,0,0.00,0.0000,47.96,0,0.00,0.0000,0.81,0,0.0000,,2.4131,1.0429,1036,0.0000,1.8340,75.0000,0.0000,0.0000,,,0.0000,past_peak_unclear,none,0.4800,0.0000,26,-0.1093,-0.3258,0.0000,0.0000,falling,upper_funnel,0.9000,1.0000,0.0000,0.0000,0.0000,unknown,unknown,unknown,,2.20,1.71,aggressive,,true
TheSwaf,1945472502724074,EMB - ReligiousNecklace,active,video,video,OUTCOME_SALES,"""2026-05-04T21:00:00.000Z""",ACTIVE,26,19,0,32.51,32.51,2.96,1,267.75,8.2359,32.51,0,0.00,0.0000,2.96,0,0.0000,,5.4074,1.1705,1387,82.4788,2.3071,48.4848,6.0606,12.5000,0.0000,,0.0000,volatile,none,0.4800,0.0000,26,-0.1336,-0.1903,0.0000,0.0000,volatile,upper_funnel,0.8000,1.0000,0.0000,0.0000,0.0000,unknown,unknown,unknown,,2.20,1.71,aggressive,,true
TheSwaf,1229430125634078,bestsellersnecklace,active,feed,image,OUTCOME_SALES,"""2026-05-03T21:00:00.000Z""",ACTIVE,26,19,1,32.47,32.47,3.06,0,0.00,0.0000,32.47,0,0.00,0.0000,3.06,0,0.0000,,3.1132,1.1058,1060,0.0000,2.1698,87.5000,0.0000,0.0000,,,0.0000,past_peak_unclear,none,0.4800,0.0000,26,0.2608,-0.1558,0.0000,0.0000,falling,upper_funnel,0.8000,1.0000,0.0000,0.0000,0.0000,unknown,unknown,unknown,,2.20,1.71,aggressive,,true
TheSwaf,4547154848899014,softness,active,flexible,image,OUTCOME_SALES,"""2026-04-30T21:00:00.000Z""",ACTIVE,26,13,4,30.25,30.25,0.06,0,0.00,0.0000,30.25,0,0.00,0.0000,0.06,0,0.0000,,2.8021,1.0493,571,0.0000,2.1016,92.3077,15.3846,16.6667,0.0000,,0.0000,past_peak_unclear,none,0.4800,0.0000,26,,-0.2390,,0.0000,falling,upper_funnel,0.7927,1.0000,0.0000,0.0000,0.0000,unknown,unknown,unknown,,2.20,1.71,aggressive,,true
TheSwaf,2467451360428576,EMB - AllRings,active,video,video,OUTCOME_SALES,"""2026-05-04T21:00:00.000Z""",ACTIVE,3,4,0,16.99,16.99,16.99,0,0.00,0.0000,13.39,0,0.00,0.0000,13.39,0,0.0000,,2.3077,1.2175,910,81.4268,1.3187,200.0000,0.0000,0.0000,,,0.0000,insufficient_history,none,0.4800,,,,,,,unknown,upper_funnel,0.7775,1.0000,0.0000,0.0000,0.0000,unknown,unknown,unknown,,2.20,1.71,aggressive,,false
TheSwaf,1444968763982893,EMB - TargeryenFlex,closed_30d,video,video,OUTCOME_SALES,"""2026-04-17T21:00:00.000Z""",ACTIVE,26,2,17,13.42,13.42,0.00,0,0.00,0.0000,13.42,0,0.00,0.0000,0.00,0,,,2.3569,1.1450,594,89.7368,1.1785,144.4444,11.1111,7.6923,100.0000,0.0000,0.0000,insufficient_history,none,0.4800,,,,,,,unknown,tracking,0.8500,0.0000,0.0000,0.0000,1.0000,unknown,unknown,unknown,,2.20,1.71,aggressive,,false
TheSwaf,1624871925951037,whispersfromthedevil,active,flexible,image,OUTCOME_SALES,"""2026-05-03T21:00:00.000Z""",ACTIVE,26,12,1,11.38,11.38,0.14,0,0.00,0.0000,11.38,0,0.00,0.0000,0.14,0,0.0000,,2.5157,1.0364,159,0.0000,1.8868,100.0000,0.0000,0.0000,,,0.0000,volatile,none,0.4800,0.0000,26,0.0046,-0.0831,0.0000,0.0000,volatile,insufficient_signal,0.0000,0.0000,0.0000,0.0000,0.0000,unknown,unknown,unknown,,2.20,1.71,aggressive,,true
TheSwaf,1310237954326358,alphawolfnecklace,closed_30d,flexible,image,OUTCOME_SALES,"""2026-04-27T21:00:00.000Z""",ACTIVE,26,11,7,10.07,10.07,0.00,0,0.00,0.0000,10.07,0,0.00,0.0000,0.00,0,,,1.9802,1.0633,303,0.0000,0.9901,125.0000,0.0000,0.0000,,,0.0000,volatile,none,0.4800,0.0000,26,,-0.1411,,0.0000,volatile,insufficient_signal,0.0000,0.0000,0.0000,0.0000,0.0000,unknown,unknown,unknown,,2.20,1.71,aggressive,,true
TheSwaf,1508640670664791,EMB - Mix,active,video,video,OUTCOME_SALES,"""2026-05-04T21:00:00.000Z""",ACTIVE,3,3,0,9.90,9.90,9.90,0,0.00,0.0000,5.44,0,0.00,0.0000,5.44,0,0.0000,,2.7869,1.1800,610,72.2941,1.6393,50.0000,0.0000,0.0000,,,0.0000,insufficient_history,none,0.4800,,,,,,,unknown,upper_funnel,0.7525,1.0000,0.0000,0.0000,0.0000,unknown,unknown,unknown,,2.20,1.71,aggressive,,false
TheSwaf,3208178412688054,EMB - Mix,active,video,video,OUTCOME_SALES,"""2026-05-01T21:00:00.000Z""",ACTIVE,13,6,3,4.27,4.27,1.68,0,0.00,0.0000,4.27,0,0.00,0.0000,1.68,0,0.0000,,1.0753,1.1367,93,89.2508,0.0000,,,,,,,past_peak_unclear,none,0.4800,0.0000,13,0.6400,0.0079,0.0000,0.0000,flat,insufficient_signal,0.0000,0.0000,0.0000,0.0000,0.0000,unknown,unknown,unknown,,2.20,1.71,aggressive,,true
TheSwaf,840261811685973,EMB - ReligiousNecklace,active,video,video,OUTCOME_SALES,"""2026-05-03T21:00:00.000Z""",ACTIVE,2,2,1,1.58,1.58,1.58,0,0.00,0.0000,1.58,0,0.00,0.0000,1.58,0,0.0000,,3.8835,1.1550,103,66.9880,2.9126,33.3333,0.0000,0.0000,,,0.0000,insufficient_history,none,0.4800,,,,,,,unknown,insufficient_signal,0.0000,0.0000,0.0000,0.0000,0.0000,unknown,unknown,unknown,,2.20,1.71,aggressive,,false
TheSwaf,2239437839796106,EMB - TargeryenFlex,active,video,video,OUTCOME_SALES,"""2026-05-03T21:00:00.000Z""",ACTIVE,3,2,1,0.53,0.53,0.53,0,0.00,0.0000,0.53,0,0.00,0.0000,0.53,0,0.0000,,0.0000,1.8850,30,56.6713,0.0000,,,,,,,insufficient_history,none,0.4800,,,,,,,unknown,insufficient_signal,0.0000,0.0000,0.0000,0.0000,0.0000,unknown,unknown,unknown,,2.20,1.71,aggressive,,false
IwaStore,2240450456794543,Catalog New Collection,active,feed_catalog,catalog,OUTCOME_SALES,"""2026-05-04T21:00:00.000Z""",ACTIVE,18,18,0,1896.13,1896.13,603.67,45,6441.27,3.3971,1841.60,44,6314.40,3.4288,549.14,15,5.2715,41.85,21.7597,1.3411,302206,22.1902,2.2193,51.1122,8.2157,16.0739,18.3406,34.9206,0.5262,rising,watch,0.6400,5.8224,1,2.7103,0.7513,0.3871,0.1990,flat,none,1.0000,0.0000,0.0000,0.0000,0.0000,unknown,unknown,unknown,,3.50,2.70,balanced,,true
IwaStore,2729900394016654,WallArtCatalog,closed_30d,feed_catalog,catalog,OUTCOME_SALES,"""2026-04-15T21:00:00.000Z""",CAMPAIGN_PAUSED,41,11,19,1805.46,1033.25,0.00,49,8211.40,4.5481,864.60,21,3393.64,3.9251,0.00,0,,41.17,27.4138,1.4011,331946,19.6982,1.5828,30.9436,3.9680,12.8233,18.9076,46.6667,0.3501,past_peak_unclear,watch,0.6400,5.2765,23,,-1.0970,,0.3718,flat,landing_page,0.8000,0.0000,1.0000,0.0000,0.0000,average,above_average,average,,3.50,2.70,balanced,,true
IwaStore,1976762379605003,WallArtCatalog,active,feed_catalog,catalog,OUTCOME_SALES,"""2026-05-04T21:00:00.000Z""",ACTIVE,18,18,0,1046.67,1046.67,270.21,15,2668.30,2.5493,1027.66,15,2668.30,2.5965,251.20,3,2.0021,68.51,57.8299,2.3294,873009,1.6368,1.8788,6.6912,0.4340,6.4857,26.7442,65.2174,0.0757,past_peak_unclear,none,0.4800,5.1288,17,-6.7350,-3.1300,0.3993,-0.1413,falling,upper_funnel,0.8000,1.0000,0.0000,0.0000,0.0000,unknown,unknown,unknown,,3.50,2.70,balanced,,true
IwaStore,917280764555370,WoodenWallArtCatalog,closed_30d,feed_catalog,catalog,OUTCOME_SALES,"""2026-04-15T21:00:00.000Z""",CAMPAIGN_PAUSED,41,10,19,994.48,579.96,0.00,39,6448.62,6.4844,488.17,11,1499.53,3.0717,0.00,0,,44.38,26.2804,1.3425,239905,22.8185,1.4868,28.1697,3.0881,10.9626,22.7642,39.2857,0.2762,past_peak_unclear,watch,0.7800,10.6731,28,,1.3016,,-0.7555,flat,landing_page,0.8500,0.0000,1.0000,0.0000,0.0000,average,above_average,average,,3.50,2.70,balanced,,true
IwaStore,1610875453601663,A misbaha,closed_30d,video,video,OUTCOME_SALES,"""2026-05-04T21:00:00.000Z""",CAMPAIGN_PAUSED,39,25,0,958.06,700.82,37.36,22,3879.96,4.0498,643.83,14,2126.85,3.3034,37.36,0,0.0000,45.99,4.0842,1.4004,66819,6.1900,2.9542,87.4504,13.4425,15.3715,10.3321,50.0000,0.6944,past_peak_unclear,watch,0.7800,7.9537,18,-9.4900,-0.5749,0.0000,-0.1749,flat,upper_funnel,0.8000,1.0000,0.0000,0.0000,0.0000,unknown,unknown,unknown,,3.50,2.70,balanced,,true
IwaStore,712308491893470,julia_julia386,closed_30d,video,video,OUTCOME_ENGAGEMENT,"""2026-04-21T21:00:00.000Z""",PAUSED,182,16,13,837.26,279.62,0.00,1,78.44,0.0937,279.60,0,0.00,0.0000,0.00,0,,,1.6721,1.0200,90846,96.9391,0.1574,66.8919,0.6757,1.0101,0.0000,,0.0000,past_peak_unclear,none,0.6200,0.0000,28,,0.1067,,0.0000,flat,upper_funnel,0.8000,1.0000,0.0000,0.0000,0.0000,unknown,unknown,unknown,,3.50,2.70,balanced,,true
IwaStore,2766311733731448,Transforming a house,closed_30d,video,video,OUTCOME_SALES,"""2026-04-15T21:00:00.000Z""",CAMPAIGN_PAUSED,42,11,19,803.81,434.57,0.00,26,8108.03,10.0870,375.05,11,5448.29,14.5268,0.00,0,,34.10,11.1511,1.1867,80952,82.4594,1.4737,70.0075,14.4353,20.6197,23.3161,24.4444,0.8227,past_peak_unclear,none,0.6400,35.0795,20,,1.4822,,1.6278,flat,checkout,0.8000,0.0000,0.0000,1.0000,0.0000,above_average,above_average,average,,3.50,2.70,balanced,,true
IwaStore,1588942188879607,WoodenWallArtCatalog,active,feed_catalog,catalog,OUTCOME_SALES,"""2026-05-04T21:00:00.000Z""",ACTIVE,457,2,0,670.85,5.11,5.11,9,1459.79,2.1760,5.11,1,159.85,31.2818,5.11,1,31.2818,5.11,5.3521,1.3500,355,6.4779,1.6901,44.4444,55.5556,125.0000,40.0000,50.0000,11.1111,insufficient_history,none,0.6400,,,,,,,unknown,insufficient_signal,0.0000,0.0000,0.0000,0.0000,0.0000,unknown,unknown,unknown,,3.50,2.70,balanced,,false
IwaStore,1597946391493220,WoodenWallArtCatalog,active,feed_catalog,catalog,OUTCOME_SALES,"""2026-05-04T21:00:00.000Z""",ACTIVE,18,12,0,658.16,658.16,196.82,22,3224.94,4.8999,650.60,20,2908.09,4.4699,189.26,3,2.0361,32.53,32.5769,1.2567,228582,24.4713,1.7889,29.7705,4.1761,14.0278,15.8416,62.5000,0.4135,past_peak_unclear,none,0.6400,9.4568,6,-0.8377,-4.1542,0.5220,-0.1401,falling,landing_page,0.8000,0.0000,1.0000,0.0000,0.0000,unknown,unknown,unknown,,3.50,2.70,balanced,,true
IwaStore,1420674099804622,Every beautiful,closed_30d,video,video,OUTCOME_SALES,"""2026-05-04T21:00:00.000Z""",CAMPAIGN_PAUSED,39,25,0,553.75,404.15,32.99,9,1214.88,2.1939,372.31,5,556.07,1.4936,32.99,1,2.8096,74.46,3.9931,1.1626,24442,86.4532,2.1643,73.1219,13.0217,17.8082,12.8205,50.0000,0.8347,past_peak_unclear,none,0.4800,18.6781,29,-5.7230,-0.1731,-3.8238,-0.1047,flat,none,1.0000,0.0000,0.0000,0.0000,0.0000,unknown,unknown,unknown,,3.50,2.70,balanced,,true
IwaStore,811959778633363,New 2026 Collection,closed_30d,video,video,OUTCOME_SALES,"""2026-04-29T21:00:00.000Z""",CAMPAIGN_PAUSED,39,25,5,497.72,389.19,25.14,14,1475.47,2.9645,369.23,11,1248.92,3.3825,25.14,0,0.0000,33.57,0.9371,1.3852,47809,72.8755,0.6129,69.2790,28.8401,41.6290,14.1304,84.6154,3.4483,past_peak_unclear,watch,0.6400,12.3764,25,-2.3600,0.2866,0.0000,-0.1786,flat,upper_funnel,0.8000,1.0000,0.0000,0.0000,0.0000,average,unknown,unknown,,3.50,2.70,balanced,,true
IwaStore,966762982363817,decorista_93,closed_30d,video,video,OUTCOME_SALES,"""2026-05-04T21:00:00.000Z""",CAMPAIGN_PAUSED,39,25,0,465.22,395.78,31.65,21,3684.94,7.9209,377.21,14,2393.13,6.3443,31.65,1,3.1633,26.94,2.0975,1.2674,42050,76.4778,1.2580,60.4839,13.3871,22.1333,31.3253,53.8462,2.2581,past_peak_unclear,watch,0.6400,35.7383,27,-3.1834,0.3585,12.4218,-0.5415,flat,upper_funnel,0.8000,1.0000,0.0000,0.0000,0.0000,unknown,unknown,unknown,,3.50,2.70,balanced,,true
IwaStore,744459891804259,mum2boys_style,closed_30d,video,video,OUTCOME_ENGAGEMENT,"""2026-04-19T21:00:00.000Z""",PAUSED,249,7,15,440.86,0.23,0.00,1,104.00,0.2359,0.23,0,0.00,0.0000,0.00,0,,,1.8182,1.0100,165,95.7596,0.0000,,,,,,,past_peak_natural,none,0.4800,0.0000,23,,0.0024,,0.0000,rising,insufficient_signal,0.0000,0.0000,0.0000,0.0000,0.0000,unknown,unknown,unknown,,3.50,2.70,balanced,,true
IwaStore,970526038984760,Our hearts are,closed_30d,video,video,OUTCOME_ENGAGEMENT,"""2026-04-07T21:00:00.000Z""",PAUSED,48,3,27,363.52,39.86,0.00,0,0.00,0.0000,0.95,0,0.00,0.0000,0.00,0,,,1.7467,1.0500,687,96.9400,0.0000,,,0.0000,,,,insufficient_history,none,0.4800,,,,,,,unknown,upper_funnel,0.7218,1.0000,0.0000,0.0000,0.0000,unknown,unknown,unknown,,3.50,2.70,balanced,,false
IwaStore,930886633134159,A prayer niche,closed_30d,video,video,OUTCOME_SALES,"""2026-04-12T21:00:00.000Z""",CAMPAIGN_PAUSED,42,8,22,341.72,140.50,0.00,9,1255.60,3.6744,116.35,2,379.00,3.2574,0.00,0,,58.18,12.5710,1.1617,35057,82.2533,1.3150,50.3236,3.7217,7.3955,8.6957,100.0000,0.3236,past_peak_unclear,watch,0.6400,3.8316,22,,0.8324,,0.8486,flat,landing_page,0.9000,0.0000,1.0000,0.0000,0.0000,average,above_average,average,,3.50,2.70,balanced,,true
IwaStore,1655577498670460,Since I hung,active,video,video,OUTCOME_SALES,"""2026-05-04T21:00:00.000Z""",ACTIVE,5,6,0,341.53,341.53,341.53,3,282.47,0.8271,323.07,3,282.47,0.8743,323.07,3,0.8743,107.69,10.5058,1.1900,22340,90.3207,1.2936,79.1925,19.2547,24.3137,8.0645,60.0000,0.9317,insufficient_history,none,0.4800,,,,,,,unknown,none,1.0000,0.0000,0.0000,0.0000,0.0000,unknown,unknown,unknown,,3.50,2.70,balanced,,false
IwaStore,768721082956229,Joyful prep,closed_30d,video,video,OUTCOME_ENGAGEMENT,"""2026-04-07T21:00:00.000Z""",PAUSED,69,1,27,341.01,0.01,0.00,1,159.60,0.4680,0.01,0,0.00,0.0000,0.00,0,,,0.0000,1.0000,2,100.0000,0.0000,,,,,,,insufficient_history,none,0.6200,,,,,,,unknown,insufficient_signal,0.0000,0.0000,0.0000,0.0000,0.0000,unknown,unknown,unknown,,3.50,2.70,balanced,,false
IwaStore,2195290934643087,Transforming a house,active,video,video,OUTCOME_SALES,"""2026-05-04T21:00:00.000Z""",ACTIVE,18,18,0,340.52,340.52,99.48,11,1802.64,5.2938,333.26,11,1802.64,5.4091,92.22,2,1.7661,30.30,11.9180,1.1567,63425,91.4431,2.0292,73.6390,9.5989,13.0350,13.4328,61.1111,0.7880,past_peak_unclear,none,0.6400,17.7850,8,0.1571,-1.0818,0.5440,-0.2198,falling,none,1.0000,0.0000,0.0000,0.0000,0.0000,unknown,unknown,unknown,,3.50,2.70,balanced,,true
IwaStore,1585735605840392,Since I hung,closed_30d,video,video,OUTCOME_SALES,"""2026-04-15T21:00:00.000Z""",CAMPAIGN_PAUSED,42,11,19,329.85,166.28,0.00,6,1141.98,3.4621,127.82,2,293.96,2.2998,0.00,0,,63.91,10.9013,1.1656,23089,90.1714,1.3123,61.8343,17.1598,27.7512,15.5172,22.2222,0.5917,past_peak_unclear,watch,0.7800,5.3389,19,,-1.1990,,0.4033,falling,checkout,0.8000,0.0000,0.0000,1.0000,0.0000,unknown,unknown,unknown,,3.50,2.70,balanced,,true
IwaStore,1284552599771657,WoodenWallArtCatalog,closed_30d,feed_catalog,catalog,OUTCOME_SALES,"""2026-04-27T21:00:00.000Z""",ACTIVE,13,6,7,251.10,251.10,0.00,9,1585.66,6.3149,251.10,9,1585.66,6.3149,0.00,0,,27.90,24.2395,1.2650,93855,23.0613,1.8337,42.9167,5.0000,11.6505,20.8333,45.0000,0.4688,past_peak_unclear,none,0.6400,11.2424,8,,-13.8913,,-0.9151,falling,landing_page,0.8000,0.0000,1.0000,0.0000,0.0000,above_average,above_average,above_average,,3.50,2.70,balanced,,true
IwaStore,3953033168334495,لا للمحراب في البيوت!!,active,video,video,OUTCOME_ENGAGEMENT,"""2026-05-04T21:00:00.000Z""",ACTIVE,13,13,0,236.03,236.03,106.46,0,0.00,0.0000,223.18,0,0.00,0.0000,93.61,0,0.0000,,2.3921,1.0308,59571,95.8901,0.2384,58.7413,0.0000,0.0000,,,0.0000,past_peak_unclear,none,0.4800,0.0000,13,-2.3871,-0.3531,0.0000,0.0000,flat,upper_funnel,0.8000,1.0000,0.0000,0.0000,0.0000,unknown,unknown,unknown,,3.50,2.70,balanced,,true
IwaStore,968020058968795,mum2boys_style,active,video,video,OUTCOME_SALES,"""2026-05-04T21:00:00.000Z""",ACTIVE,5,6,0,215.99,215.99,215.99,2,476.66,2.2069,214.67,2,476.66,2.2204,214.67,2,2.2204,107.34,5.0783,1.2867,12327,87.9209,1.7279,81.1060,7.8341,9.6591,35.2941,33.3333,0.9217,insufficient_history,none,0.4800,,,,,,,unknown,landing_page,0.8000,0.0000,1.0000,0.0000,0.0000,unknown,unknown,unknown,,3.50,2.70,balanced,,false
IwaStore,1493794995651100,The heart finds,closed_30d,video,video,OUTCOME_SALES,"""2026-04-28T21:00:00.000Z""",CAMPAIGN_PAUSED,39,23,6,180.17,115.31,2.28,2,306.03,1.6986,104.06,2,306.03,2.9409,2.28,0,0.0000,52.03,1.5453,1.1867,13525,76.5318,0.8725,98.3193,9.2437,9.4017,36.3636,50.0000,1.6807,past_peak_unclear,none,0.6200,106.9646,9,,-0.2858,,2.3259,falling,upper_funnel,0.8000,1.0000,0.0000,0.0000,0.0000,unknown,unknown,unknown,,3.50,2.70,balanced,,true
IwaStore,2155452695257229,Cherish every,closed_30d,feed,image,OUTCOME_SALES,"""2026-04-28T21:00:00.000Z""",CAMPAIGN_PAUSED,39,23,6,152.04,89.82,0.05,3,544.22,3.5795,76.05,1,238.35,3.1341,0.05,0,0.0000,76.05,0.7529,1.2771,17000,47.9174,0.6647,59.2920,13.2743,22.3881,13.3333,50.0000,0.8850,past_peak_unclear,watch,0.6400,26.0492,15,,-0.3504,,0.0833,falling,upper_funnel,0.8000,1.0000,0.0000,0.0000,0.0000,unknown,unknown,unknown,,3.50,2.70,balanced,,true
IwaStore,1677986356526477,nina_deko_germany,closed_30d,video,video,OUTCOME_SALES,"""2026-04-29T21:00:00.000Z""",PAUSED,36,24,5,138.97,85.29,2.54,3,387.74,2.7901,68.56,2,261.60,3.8156,2.54,0,0.0000,34.28,5.9817,1.1464,2725,84.4408,4.2202,80.0000,10.8333,13.5417,46.1538,33.3333,1.6667,past_peak_unclear,none,0.4800,22.2983,18,-2.5400,-0.1987,,-0.2611,falling,upper_funnel,0.8000,1.0000,0.0000,0.0000,0.0000,unknown,unknown,unknown,,3.50,2.70,balanced,,true
IwaStore,1298590478858258,A stunning Islamic,closed_30d,video,video,OUTCOME_SALES,"""2026-04-29T21:00:00.000Z""",PAUSED,39,23,5,138.23,67.74,8.09,2,190.14,1.3755,55.71,0,0.00,0.0000,8.09,0,0.0000,,3.6210,1.1138,3673,85.0518,2.5592,78.1250,6.2500,8.0000,16.6667,0.0000,0.0000,past_peak_unclear,none,0.4800,0.0000,29,-8.0900,-0.1465,,0.0000,falling,tracking,0.8500,0.0000,0.0000,0.0000,1.0000,unknown,unknown,unknown,,3.50,2.70,balanced,,true
IwaStore,1491430605985827,PrayerEssentialsCatalog,active,feed_catalog,catalog,OUTCOME_SALES,"""2026-05-04T21:00:00.000Z""",ACTIVE,41,28,0,136.79,79.09,17.93,0,0.00,0.0000,72.26,0,0.00,0.0000,17.58,0,0.0000,,1.4034,1.8454,4204,9.5382,1.1418,41.1765,1.9608,4.7619,0.0000,,0.0000,past_peak_unclear,none,0.4800,0.0000,29,-0.4157,-0.0618,0.0000,0.0000,flat,upper_funnel,0.8500,1.0000,0.0000,0.0000,0.0000,unknown,unknown,unknown,,3.50,2.70,balanced,,true
IwaStore,1696539768203616,modern.cave,active,video,video,OUTCOME_SALES,"""2026-05-04T21:00:00.000Z""",ACTIVE,5,6,0,125.87,125.87,125.87,1,221.54,1.7601,122.90,1,221.54,1.8026,122.90,1,1.8026,122.90,1.9344,1.2383,6979,91.7174,0.8741,63.0137,13.6986,21.7391,30.0000,33.3333,1.3699,insufficient_history,none,0.4800,,,,,,,unknown,upper_funnel,0.8500,1.0000,0.0000,0.0000,0.0000,unknown,unknown,unknown,,3.50,2.70,balanced,,false
IwaStore,1604466493963499,Set up my,closed_30d,video,video,OUTCOME_SALES,"""2026-04-28T21:00:00.000Z""",PAUSED,39,24,6,110.99,86.94,0.20,0,0.00,0.0000,81.04,0,0.00,0.0000,0.20,0,0.0000,,4.1857,1.1050,4372,84.7664,2.7676,74.4361,9.7744,13.1313,0.0000,,0.0000,past_peak_unclear,none,0.4800,0.0000,29,,-0.1761,,0.0000,flat,upper_funnel,0.8000,1.0000,0.0000,0.0000,0.0000,unknown,unknown,unknown,,3.50,2.70,balanced,,true
IwaStore,2793542300980492,A journey toward,active,video,video,OUTCOME_SALES,"""2026-05-04T21:00:00.000Z""",ACTIVE,5,6,0,103.06,103.06,103.06,2,297.58,2.8874,100.62,2,297.58,2.9575,100.62,2,2.9575,50.31,3.5925,1.2717,3563,88.4372,1.5156,47.0588,13.2353,28.1250,33.3333,66.6667,2.9412,insufficient_history,none,0.4800,,,,,,,unknown,upper_funnel,0.8500,1.0000,0.0000,0.0000,0.0000,unknown,unknown,unknown,,3.50,2.70,balanced,,false
IwaStore,975269794952302,A soulful gift,active,video,video,OUTCOME_SALES,"""2026-05-04T21:00:00.000Z""",ACTIVE,5,6,0,97.33,97.33,97.33,2,189.53,1.9473,91.31,2,189.53,2.0757,91.31,2,2.0757,45.66,3.8190,1.1650,3404,89.7153,2.2033,67.7083,32.2917,47.6923,16.1290,40.0000,2.0833,insufficient_history,none,0.4800,,,,,,,unknown,upper_funnel,0.8000,1.0000,0.0000,0.0000,0.0000,unknown,unknown,unknown,,3.50,2.70,balanced,,false
IwaStore,990746656943922,Since I hung,active,video,video,OUTCOME_SALES,"""2026-04-28T21:00:00.000Z""",ACTIVE,18,11,6,85.68,85.68,17.86,2,137.24,1.6018,85.68,2,137.24,1.6018,17.86,0,0.0000,42.84,14.7158,1.1045,8603,91.4228,1.4297,57.0621,10.1695,17.8218,22.2222,50.0000,1.1299,past_peak_unclear,none,0.4800,6.0124,8,,-0.0028,,0.4381,flat,none,1.0000,0.0000,0.0000,0.0000,0.0000,unknown,unknown,unknown,,3.50,2.70,balanced,,true
IwaStore,1459053848960720,It added meaning,closed_30d,video,video,OUTCOME_SALES,"""2026-04-27T21:00:00.000Z""",PAUSED,39,21,7,78.33,26.59,0.00,1,89.03,1.1366,21.91,0,0.00,0.0000,0.00,0,,,2.4284,1.0590,1153,83.7817,1.2142,58.8235,23.5294,40.0000,0.0000,,0.0000,past_peak_unclear,none,0.6200,0.0000,29,,-0.1212,,0.0000,falling,upper_funnel,0.8500,1.0000,0.0000,0.0000,0.0000,unknown,unknown,unknown,,3.50,2.70,balanced,,true
IwaStore,1662781231395655,WoodenWallArtCatalog,closed_30d,feed_catalog,catalog,OUTCOME_SALES,"""2026-04-08T21:00:00.000Z""",CAMPAIGN_PAUSED,26,1,26,76.30,76.30,0.00,0,0.00,0.0000,76.30,0,0.00,0.0000,0.00,0,,,37.9405,1.3200,48808,17.5700,1.9321,16.2055,1.0870,6.7073,18.1818,0.0000,0.0000,insufficient_history,none,0.4800,,,,,,,unknown,tracking,0.8500,0.0000,0.0000,0.0000,1.0000,average,average,above_average,,3.50,2.70,balanced,,false
IwaStore,1244730050650427,More than,closed_30d,video,video,OUTCOME_SALES,"""2026-04-28T21:00:00.000Z""",PAUSED,39,23,6,75.33,37.60,1.77,2,250.01,3.3189,31.59,0,0.00,0.0000,1.77,0,0.0000,,2.7027,1.1133,1887,79.2792,1.3249,79.3103,0.0000,0.0000,,,0.0000,past_peak_unclear,watch,0.6400,0.0000,29,,-0.0680,,0.0000,flat,upper_funnel,0.8000,1.0000,0.0000,0.0000,0.0000,unknown,unknown,unknown,,3.50,2.70,balanced,,true
IwaStore,882122398191881,Catalog New Collection,closed_30d,feed_catalog,catalog,OUTCOME_SALES,"""2026-04-15T21:00:00.000Z""",CAMPAIGN_PAUSED,27,9,19,68.74,68.74,0.00,2,1538.03,22.3746,68.74,2,1538.03,22.3746,0.00,0,,34.37,33.6237,1.2311,115026,29.3398,1.4788,5.8002,1.1815,20.3704,18.1818,50.0000,0.1074,past_peak_unclear,none,0.6400,111.6132,27,,-0.8632,,-7.4409,falling,landing_page,0.8500,0.0000,1.0000,0.0000,0.0000,above_average,above_average,above_average,,3.50,2.70,balanced,,true
IwaStore,1510126544090812,Decorating the,active,video,video,OUTCOME_SALES,"""2026-05-04T21:00:00.000Z""",ACTIVE,5,6,0,68.55,68.55,68.55,2,398.19,5.8088,67.20,2,398.19,5.9254,67.20,2,5.9254,33.60,4.4039,1.1850,2793,84.2471,3.2223,67.7419,24.7312,36.5079,0.0000,,2.1505,insufficient_history,none,0.6400,,,,,,,unknown,upper_funnel,0.8000,1.0000,0.0000,0.0000,0.0000,unknown,unknown,unknown,,3.50,2.70,balanced,,false
IwaStore,1732872731454703,Glowing lanterns,closed_30d,video,video,OUTCOME_SALES,"""2026-04-05T21:00:00.000Z""",CAMPAIGN_PAUSED,42,1,29,66.34,1.65,0.00,2,266.00,4.0096,0.00,0,,,0.00,0,,,,,,,,,,,,,,insufficient_history,none,0.5600,,,,,,,unknown,insufficient_signal,0.0000,0.0000,0.0000,0.0000,0.0000,unknown,unknown,unknown,,3.50,2.70,balanced,,false
IwaStore,1127695869538738,The heart finds,active,flexible,video,OUTCOME_SALES,"""2026-05-04T21:00:00.000Z""",ACTIVE,5,6,0,51.66,51.66,51.66,0,0.00,0.0000,49.32,0,0.00,0.0000,49.32,0,0.0000,,3.2801,1.2317,2317,89.6811,1.8990,80.8511,23.4043,28.9474,0.0000,,0.0000,insufficient_history,none,0.4800,,,,,,,unknown,upper_funnel,0.8500,1.0000,0.0000,0.0000,0.0000,unknown,unknown,unknown,,3.50,2.70,balanced,,false
IwaStore,4344364212475167,Glowing lanterns,active,video,video,OUTCOME_SALES,"""2026-05-04T21:00:00.000Z""",ACTIVE,18,12,0,47.23,47.23,7.38,2,633.54,13.4139,47.02,1,511.59,10.8803,7.17,0,0.0000,47.02,45.6160,1.1258,24726,4.9714,2.6329,16.2518,1.9034,11.7117,23.0769,33.3333,0.1464,past_peak_unclear,watch,0.7800,92.1784,4,0.1850,-0.3372,0.0000,0.5234,falling,upper_funnel,0.8000,1.0000,0.0000,0.0000,0.0000,unknown,unknown,unknown,,3.50,2.70,balanced,,true
IwaStore,800452073102997,Catalog New Collection,closed_30d,feed_catalog,catalog,OUTCOME_SALES,"""2026-04-06T21:00:00.000Z""",CAMPAIGN_PAUSED,41,2,28,44.99,2.43,0.00,1,279.72,6.2174,0.00,0,,,0.00,0,,,,,,,,,,,,,,insufficient_history,none,0.5600,,,,,,,unknown,insufficient_signal,0.0000,0.0000,0.0000,0.0000,0.0000,unknown,unknown,unknown,,3.50,2.70,balanced,,false
IwaStore,2260100064398971,A prayer niche,closed_30d,video,video,OUTCOME_SALES,"""2026-04-15T21:00:00.000Z""",CAMPAIGN_PAUSED,21,3,19,42.05,42.05,0.00,1,94.00,2.2354,42.05,1,94.00,2.2354,0.00,0,,42.05,9.6506,1.1667,8300,80.8334,1.1687,47.7941,6.6176,13.8462,11.1111,100.0000,0.7353,insufficient_history,none,0.4800,,,,,,,unknown,landing_page,0.8000,0.0000,1.0000,0.0000,0.0000,unknown,unknown,unknown,,3.50,2.70,balanced,,false
IwaStore,1230828315767797,WallArtCatalog,active,feed_catalog,catalog,OUTCOME_SALES,"""2026-05-03T21:00:00.000Z""",ACTIVE,2,2,1,40.17,40.17,40.17,0,0.00,0.0000,40.17,0,0.00,0.0000,40.17,0,0.0000,,64.2559,1.6600,22538,4.4918,2.0099,8.7814,1.6129,18.3673,0.0000,,0.0000,insufficient_history,none,0.4800,,,,,,,unknown,landing_page,0.8500,0.0000,1.0000,0.0000,0.0000,unknown,unknown,unknown,,3.50,2.70,balanced,,false
IwaStore,931776873000095,Catalog New Collection,active,feed_catalog,catalog,OUTCOME_SALES,"""2026-05-04T21:00:00.000Z""",ACTIVE,1,2,0,40.15,40.15,40.15,3,473.34,11.7893,19.95,2,346.47,17.3669,19.95,2,17.3669,9.97,7.3455,1.3250,1375,3.1242,4.5091,73.6111,19.4444,26.4151,35.7143,40.0000,2.7778,insufficient_history,none,0.6400,,,,,,,unknown,upper_funnel,0.8500,1.0000,0.0000,0.0000,0.0000,unknown,unknown,unknown,,3.50,2.70,balanced,,false
IwaStore,1157254709850013,Hilye-i Sherif,active,video,,,"""2026-05-04T21:00:00.000Z""",ACTIVE,,,0,39.44,39.44,39.44,0,0.00,0.0000,,,,,,,,,,,,,,,,,,,,,,,,,,,,,,,,,,,,,,,,3.50,2.70,balanced,,
IwaStore,1331879072101118,Iconic beauty,closed_30d,video,video,OUTCOME_SALES,"""2026-04-13T21:00:00.000Z""",CAMPAIGN_PAUSED,42,3,21,38.41,5.45,0.00,2,223.92,5.8297,5.45,0,0.00,0.0000,0.00,0,,,10.7553,1.1233,1218,40.9701,0.5747,28.5714,14.2857,50.0000,0.0000,,0.0000,insufficient_history,watch,0.6400,,,,,,,unknown,upper_funnel,0.8000,1.0000,0.0000,0.0000,0.0000,unknown,unknown,unknown,,3.50,2.70,balanced,,false
IwaStore,960144903102269,A solid foundation,closed_30d,feed,image,OUTCOME_SALES,"""2026-04-28T21:00:00.000Z""",CAMPAIGN_PAUSED,39,21,6,37.71,26.34,0.20,1,103.53,2.7454,21.78,1,103.53,4.7534,0.20,0,0.0000,21.78,2.2828,1.0626,1577,0.0000,1.1414,70.0000,55.0000,78.5714,0.0000,,5.0000,past_peak_unclear,none,0.4800,26.2101,25,,-0.1137,,-0.5694,falling,upper_funnel,0.8000,1.0000,0.0000,0.0000,0.0000,unknown,unknown,unknown,,3.50,2.70,balanced,,true
IwaStore,1658131231999984,The peace of,active,video,,,"""2026-05-04T21:00:00.000Z""",ACTIVE,,,0,32.03,32.03,32.03,1,221.54,6.9166,,,,,,,,,,,,,,,,,,,,,,,,,,,,,,,,,,,,,,,,3.50,2.70,balanced,,
IwaStore,1433325747959693,Iconic beauty,closed_30d,video,video,OUTCOME_SALES,"""2026-04-15T21:00:00.000Z""",CAMPAIGN_PAUSED,36,5,19,26.27,9.73,0.00,0,0.00,0.0000,3.74,0,0.00,0.0000,0.00,0,,,6.0606,1.1800,693,66.5284,1.5873,54.5455,0.0000,0.0000,,,0.0000,past_peak_unclear,none,0.4800,0.0000,29,,-0.2478,,0.0000,falling,insufficient_signal,0.0000,0.0000,0.0000,0.0000,0.0000,unknown,unknown,unknown,,3.50,2.70,balanced,,true
IwaStore,2073086786589405,Loved styling,closed_30d,video,video,OUTCOME_SALES,"""2026-04-28T21:00:00.000Z""",CAMPAIGN_PAUSED,39,21,6,24.91,9.70,0.07,2,659.20,26.4633,7.60,1,465.83,61.2934,0.07,0,0.0000,7.60,4.9751,1.0400,402,87.5601,3.7313,86.6667,33.3333,38.4615,40.0000,50.0000,6.6667,past_peak_unclear,none,0.6400,254.5519,25,,-0.0319,,-4.2005,falling,none,1.0000,0.0000,0.0000,0.0000,0.0000,unknown,unknown,unknown,,3.50,2.70,balanced,,true
IwaStore,26505469559090682,Beautiful gatherings,closed_30d,video,video,OUTCOME_SALES,"""2026-04-15T21:00:00.000Z""",CAMPAIGN_PAUSED,42,5,19,22.49,8.37,0.00,3,1760.28,78.2695,8.37,1,99.00,11.8280,0.00,0,,8.37,3.8394,1.1660,1146,72.2501,0.8726,50.0000,16.6667,33.3333,0.0000,,8.3333,past_peak_unclear,watch,0.6400,25.7813,22,,-0.3510,,-4.9749,falling,insufficient_signal,0.0000,0.0000,0.0000,0.0000,0.0000,unknown,unknown,unknown,,3.50,2.70,balanced,,true
IwaStore,1294593585891681,Timeless Crescent,closed_30d,feed,image,OUTCOME_SALES,"""2026-04-10T21:00:00.000Z""",CAMPAIGN_PAUSED,41,6,24,21.21,8.20,0.00,0,0.00,0.0000,2.31,0,0.00,0.0000,0.00,0,,,1.0142,1.2450,493,0.0000,0.6085,66.6667,0.0000,0.0000,,,0.0000,past_peak_unclear,none,0.4800,0.0000,29,,-0.6554,,0.0000,falling,insufficient_signal,0.0000,0.0000,0.0000,0.0000,0.0000,unknown,unknown,unknown,,3.50,2.70,balanced,,true
IwaStore,1751293382982422,Transforming a house,active,video,video,OUTCOME_SALES,"""2026-04-28T21:00:00.000Z""",ACTIVE,6,1,6,16.48,16.48,16.48,0,0.00,0.0000,16.48,0,0.00,0.0000,16.48,0,0.0000,,6.6720,1.1800,1244,92.6800,2.8135,55.5556,2.2222,4.0000,0.0000,,0.0000,insufficient_history,none,0.4800,,,,,,,unknown,landing_page,0.8250,0.0000,1.0000,0.0000,0.0000,unknown,unknown,unknown,,3.50,2.70,balanced,,false
IwaStore,1447894557080027,Gift a sanctuary,closed_30d,video,video,OUTCOME_SALES,"""2026-04-11T21:00:00.000Z""",CAMPAIGN_PAUSED,42,3,23,16.30,1.96,0.00,0,0.00,0.0000,0.55,0,0.00,0.0000,0.00,0,,,12.5749,1.1200,167,40.1200,1.1976,100.0000,0.0000,0.0000,,,0.0000,insufficient_history,none,0.4800,,,,,,,unknown,insufficient_signal,0.0000,0.0000,0.0000,0.0000,0.0000,unknown,unknown,unknown,,3.50,2.70,balanced,,false
IwaStore,1524376165982018,A prayer niche,active,video,video,OUTCOME_SALES,"""2026-05-03T21:00:00.000Z""",ACTIVE,18,13,1,14.35,14.35,1.74,0,0.00,0.0000,14.35,0,0.00,0.0000,1.74,0,0.0000,,5.9190,1.0985,2247,84.4220,1.9582,54.3478,23.9130,44.0000,18.1818,0.0000,0.0000,past_peak_unclear,none,0.4800,0.0000,18,-0.0509,-0.1367,0.0000,0.0000,falling,tracking,0.8500,0.0000,0.0000,0.0000,1.0000,unknown,unknown,unknown,,3.50,2.70,balanced,,true
IwaStore,977493541930191,Beautiful gatherings,closed_30d,video,video,OUTCOME_SALES,"""2026-04-10T21:00:00.000Z""",CAMPAIGN_PAUSED,37,4,24,13.65,4.20,0.00,1,69.85,5.1172,1.30,0,0.00,0.0000,0.00,0,,,13.9535,1.1150,344,52.0382,1.7442,66.6667,0.0000,0.0000,,,0.0000,insufficient_history,watch,0.6400,,,,,,,unknown,insufficient_signal,0.0000,0.0000,0.0000,0.0000,0.0000,unknown,unknown,unknown,,3.50,2.70,balanced,,false
IwaStore,1718734305961779,WoodenWallArtCatalog,active,feed_catalog,catalog,OUTCOME_SALES,"""2026-05-04T21:00:00.000Z""",ACTIVE,1,1,0,11.18,11.18,11.18,1,159.85,14.2979,4.91,0,0.00,0.0000,4.91,0,0.0000,,4.2216,1.3100,379,5.8000,2.3747,91.6667,33.3333,36.3636,50.0000,0.0000,0.0000,insufficient_history,none,0.4800,,,,,,,unknown,tracking,0.8500,0.0000,0.0000,0.0000,1.0000,unknown,unknown,unknown,,3.50,2.70,balanced,,false
IwaStore,1715560629433995,A soulful gift,closed_30d,video,video,OUTCOME_SALES,"""2026-04-28T21:00:00.000Z""",CAMPAIGN_PAUSED,39,15,6,10.70,1.45,0.03,0,0.00,0.0000,1.35,0,0.00,0.0000,0.03,0,0.0000,,2.7027,1.0154,111,78.3799,0.9009,50.0000,0.0000,0.0000,,,0.0000,volatile,none,0.4800,0.0000,29,,0.0097,,0.0000,volatile,insufficient_signal,0.0000,0.0000,0.0000,0.0000,0.0000,unknown,unknown,unknown,,3.50,2.70,balanced,,true
IwaStore,2429399654167706,Decorating the,closed_30d,video,video,OUTCOME_SALES,"""2026-04-27T21:00:00.000Z""",ACTIVE,17,9,7,10.55,10.55,0.00,0,0.00,0.0000,10.55,0,0.00,0.0000,0.00,0,,,7.1605,1.1820,405,88.1483,2.9630,44.4444,5.5556,12.5000,0.0000,,0.0000,past_peak_unclear,none,0.4800,0.0000,17,,-0.0223,,0.0000,flat,insufficient_signal,0.0000,0.0000,0.0000,0.0000,0.0000,unknown,unknown,unknown,,3.50,2.70,balanced,,true
IwaStore,932482069494079,Gift a sanctuary,closed_30d,video,video,OUTCOME_SALES,"""2026-04-27T21:00:00.000Z""",PAUSED,18,8,7,9.14,9.14,0.00,0,0.00,0.0000,9.14,0,0.00,0.0000,0.00,0,,,3.4072,1.0950,1174,83.0471,2.3850,58.0645,6.4516,11.1111,50.0000,0.0000,0.0000,past_peak_unclear,none,0.4800,0.0000,18,,-0.1501,,0.0000,falling,tracking,0.8500,0.0000,0.0000,0.0000,1.0000,unknown,unknown,unknown,,3.50,2.70,balanced,,true
IwaStore,946471284944193,So happy with,active,video,,,"""2026-05-04T21:00:00.000Z""",ACTIVE,,,0,8.77,8.77,8.77,1,125.00,14.2531,,,,,,,,,,,,,,,,,,,,,,,,,,,,,,,,,,,,,,,,3.50,2.70,balanced,,
IwaStore,1478679750647804,Iconic beauty,closed_30d,video,video,OUTCOME_SALES,"""2026-04-26T21:00:00.000Z""",PAUSED,18,8,8,8.69,8.69,0.00,0,0.00,0.0000,8.69,0,0.00,0.0000,0.00,0,,,5.4645,1.1200,549,84.3351,5.1002,82.1429,7.1429,8.6957,50.0000,0.0000,0.0000,past_peak_unclear,none,0.4800,0.0000,18,,-0.2419,,0.0000,falling,tracking,0.8500,0.0000,0.0000,0.0000,1.0000,unknown,unknown,unknown,,3.50,2.70,balanced,,true
IwaStore,1225318442702777,Decorating the,closed_30d,video,video,OUTCOME_SALES,"""2026-04-14T21:00:00.000Z""",CAMPAIGN_PAUSED,40,3,20,8.41,1.16,0.00,0,0.00,0.0000,1.15,0,0.00,0.0000,0.00,0,,,2.7933,1.1400,179,75.4199,1.6760,100.0000,0.0000,0.0000,,0.0000,0.0000,insufficient_history,none,0.4800,,,,,,,unknown,insufficient_signal,0.0000,0.0000,0.0000,0.0000,0.0000,unknown,unknown,unknown,,3.50,2.70,balanced,,false
IwaStore,2023813815225087,Glowing lanterns,closed_30d,video,video,OUTCOME_SALES,"""2026-04-15T21:00:00.000Z""",CAMPAIGN_PAUSED,26,8,19,7.34,7.34,0.00,0,0.00,0.0000,7.34,0,0.00,0.0000,0.00,0,,,32.7930,1.1763,3208,19.2663,1.9950,32.3529,0.0000,0.0000,,,0.0000,past_peak_natural,none,0.4800,0.0000,26,,0.1638,,0.0000,rising,upper_funnel,0.8000,1.0000,0.0000,0.0000,0.0000,unknown,unknown,unknown,,3.50,2.70,balanced,,true
IwaStore,1341073624739368,Timeless Crescent,closed_30d,feed,image,OUTCOME_SALES,"""2026-04-28T21:00:00.000Z""",PAUSED,13,4,6,6.87,6.87,0.03,0,0.00,0.0000,6.87,0,0.00,0.0000,0.03,0,0.0000,,13.9535,1.1220,43,0.0000,6.9767,66.6667,33.3333,50.0000,100.0000,0.0000,0.0000,insufficient_history,none,0.4800,,,,,,,unknown,tracking,0.8500,0.0000,0.0000,0.0000,1.0000,unknown,unknown,unknown,,3.50,2.70,balanced,,false
IwaStore,1986352635337304,decorista_93,active,video,video,OUTCOME_SALES,"""2026-05-03T21:00:00.000Z""",ACTIVE,4,3,1,6.73,6.73,6.73,0,0.00,0.0000,6.73,0,0.00,0.0000,6.73,0,0.0000,,7.8156,1.2767,499,89.9804,7.4148,57.8947,0.0000,0.0000,,0.0000,0.0000,insufficient_history,none,0.4800,,,,,,,unknown,landing_page,0.7400,0.0000,1.0000,0.0000,0.0000,unknown,unknown,unknown,,3.50,2.70,balanced,,false
IwaStore,1503961571525364,It became the favorite,active,video,video,OUTCOME_SALES,"""2026-05-03T21:00:00.000Z""",ACTIVE,5,5,1,6.04,6.04,6.04,0,0.00,0.0000,6.04,0,0.00,0.0000,6.04,0,0.0000,,1.2931,1.1200,232,90.5165,1.2931,133.3333,66.6667,50.0000,0.0000,,0.0000,insufficient_history,none,0.4800,,,,,,,unknown,insufficient_signal,0.0000,0.0000,0.0000,0.0000,0.0000,unknown,unknown,unknown,,3.50,2.70,balanced,,false
IwaStore,1280975290844183,New 2026 Collection,active,video,video,OUTCOME_SALES,"""2026-05-04T21:00:00.000Z""",ACTIVE,4,5,0,5.62,5.62,5.62,0,0.00,0.0000,5.62,0,0.00,0.0000,5.62,0,0.0000,,3.2432,1.1400,185,91.8906,2.7027,50.0000,0.0000,0.0000,,,0.0000,insufficient_history,none,0.4800,,,,,,,unknown,insufficient_signal,0.0000,0.0000,0.0000,0.0000,0.0000,unknown,unknown,unknown,,3.50,2.70,balanced,,false
IwaStore,802825205720972,A journey toward,closed_30d,video,video,OUTCOME_SALES,"""2026-04-27T21:00:00.000Z""",CAMPAIGN_PAUSED,39,11,7,5.45,0.72,0.00,0,0.00,0.0000,0.72,0,0.00,0.0000,0.00,0,,,1.8868,1.0000,53,90.5664,0.0000,,,,,,,past_peak_natural,none,0.4800,0.0000,27,,0.0077,,0.0000,rising,insufficient_signal,0.0000,0.0000,0.0000,0.0000,0.0000,unknown,unknown,unknown,,3.50,2.70,balanced,,true
IwaStore,1964610134172260,Gift a sanctuary,closed_30d,video,video,OUTCOME_SALES,"""2026-04-15T21:00:00.000Z""",CAMPAIGN_PAUSED,41,3,19,5.33,0.16,0.00,0,0.00,0.0000,0.16,0,0.00,0.0000,0.00,0,,,2.5000,1.0433,40,80.0053,0.0000,0.0000,0.0000,,,,0.0000,insufficient_history,none,0.4800,,,,,,,unknown,insufficient_signal,0.0000,0.0000,0.0000,0.0000,0.0000,unknown,unknown,unknown,,3.50,2.70,balanced,,false
IwaStore,1893545414686924,Iconic beauty,closed_30d,video,video,OUTCOME_SALES,"""2026-04-10T21:00:00.000Z""",CAMPAIGN_PAUSED,26,3,24,3.87,3.87,0.00,0,0.00,0.0000,3.87,0,0.00,0.0000,0.00,0,,,19.7281,1.1567,2722,27.1889,0.3674,40.0000,0.0000,0.0000,,,0.0000,insufficient_history,none,0.4800,,,,,,,unknown,upper_funnel,0.8000,1.0000,0.0000,0.0000,0.0000,unknown,unknown,unknown,,3.50,2.70,balanced,,false
IwaStore,1271058314571959,Beautiful gatherings,active,video,video,OUTCOME_SALES,"""2026-05-03T21:00:00.000Z""",ACTIVE,17,8,1,3.67,3.67,0.62,0,0.00,0.0000,3.67,0,0.00,0.0000,0.62,0,0.0000,,1.6667,1.3225,240,86.6637,1.6667,75.0000,25.0000,33.3333,0.0000,,0.0000,volatile,none,0.4800,0.0000,17,0.0614,-0.0958,0.0000,0.0000,volatile,insufficient_signal,0.0000,0.0000,0.0000,0.0000,0.0000,unknown,unknown,unknown,,3.50,2.70,balanced,,true
IwaStore,2363238150864793,Start with,closed_30d,feed,image,OUTCOME_SALES,"""2026-04-27T21:00:00.000Z""",CAMPAIGN_PAUSED,39,16,7,3.60,1.03,0.00,0,0.00,0.0000,0.84,0,0.00,0.0000,0.00,0,,,1.6667,1.0156,60,0.0000,1.6667,100.0000,0.0000,0.0000,,,0.0000,past_peak_unclear,none,0.4800,0.0000,29,,0.0014,,0.0000,flat,insufficient_signal,0.0000,0.0000,0.0000,0.0000,0.0000,unknown,unknown,unknown,,3.50,2.70,balanced,,true
IwaStore,1345880953965537,It became the favorite,closed_30d,video,video,OUTCOME_SALES,"""2026-04-27T21:00:00.000Z""",CAMPAIGN_PAUSED,39,10,7,3.53,0.35,0.00,0,0.00,0.0000,0.35,0,0.00,0.0000,0.00,0,,,5.7143,1.0208,35,77.1434,0.0000,500.0000,0.0000,0.0000,,,0.0000,past_peak_unclear,none,0.4800,0.0000,22,,0.0013,,0.0000,flat,insufficient_signal,0.0000,0.0000,0.0000,0.0000,0.0000,unknown,unknown,unknown,,3.50,2.70,balanced,,true
IwaStore,4367811283503430,Start with,active,feed,image,OUTCOME_SALES,"""2026-05-02T21:00:00.000Z""",ACTIVE,5,4,2,2.92,2.92,2.92,0,0.00,0.0000,2.92,0,0.00,0.0000,2.92,0,0.0000,,0.8299,1.1225,241,0.0000,0.8299,100.0000,0.0000,0.0000,,,0.0000,insufficient_history,none,0.4800,,,,,,,unknown,insufficient_signal,0.0000,0.0000,0.0000,0.0000,0.0000,unknown,unknown,unknown,,3.50,2.70,balanced,,false
IwaStore,2113260336123444,The golden details,active,video,,,"""2026-05-04T21:00:00.000Z""",ACTIVE,,,0,2.89,2.89,2.89,0,0.00,0.0000,,,,,,,,,,,,,,,,,,,,,,,,,,,,,,,,,,,,,,,,3.50,2.70,balanced,,
IwaStore,937889615877203,Glowing lanterns,active,video,video,OUTCOME_SALES,"""2026-05-03T21:00:00.000Z""",ACTIVE,11,2,1,2.86,2.86,1.58,0,0.00,0.0000,2.86,0,0.00,0.0000,1.58,0,0.0000,,29.7814,1.1000,366,21.0427,2.4590,44.4444,111.1111,250.0000,0.0000,,0.0000,insufficient_history,none,0.4800,,,,,,,unknown,checkout,0.8000,0.0000,0.0000,1.0000,0.0000,unknown,unknown,unknown,,3.50,2.70,balanced,,false
IwaStore,936568185925788,Timeless Crescent,closed_30d,feed,image,OUTCOME_SALES,"""2026-04-26T21:00:00.000Z""",PAUSED,18,5,8,2.68,2.68,0.00,0,0.00,0.0000,2.68,0,0.00,0.0000,0.00,0,,,2.2124,1.0680,226,0.0000,0.8850,50.0000,0.0000,0.0000,,,0.0000,past_peak_unclear,none,0.4800,0.0000,18,,-0.0464,,0.0000,falling,insufficient_signal,0.0000,0.0000,0.0000,0.0000,0.0000,unknown,unknown,unknown,,3.50,2.70,balanced,,true
IwaStore,1300480628535229,There’s a specia,active,video,,,"""2026-05-04T21:00:00.000Z""",ACTIVE,,,0,2.57,2.57,2.57,0,0.00,0.0000,,,,,,,,,,,,,,,,,,,,,,,,,,,,,,,,,,,,,,,,3.50,2.70,balanced,,
IwaStore,984789670652584,Let the most,active,feed,,,"""2026-05-04T21:00:00.000Z""",ACTIVE,,,0,2.57,2.57,2.57,0,0.00,0.0000,,,,,,,,,,,,,,,,,,,,,,,,,,,,,,,,,,,,,,,,3.50,2.70,balanced,,
IwaStore,2026401714945589,A prayer niche,active,video,video,OUTCOME_SALES,"""2026-05-02T21:00:00.000Z""",ACTIVE,12,5,2,2.54,2.54,1.17,0,0.00,0.0000,2.54,0,0.00,0.0000,1.17,0,0.0000,,10.3306,1.1560,242,85.1262,3.3058,87.5000,0.0000,0.0000,,,0.0000,past_peak_unclear,none,0.4800,0.0000,12,0.1750,0.0230,0.0000,0.0000,flat,insufficient_signal,0.0000,0.0000,0.0000,0.0000,0.0000,unknown,unknown,unknown,,3.50,2.70,balanced,,true
IwaStore,1875473163115275,Beautiful gatherings,closed_30d,video,video,OUTCOME_SALES,"""2026-04-27T21:00:00.000Z""",PAUSED,18,6,7,2.46,2.46,0.00,0,0.00,0.0000,2.46,0,0.00,0.0000,0.00,0,,,5.7292,1.0783,192,92.1853,3.1250,100.0000,0.0000,0.0000,,,0.0000,past_peak_unclear,none,0.4800,0.0000,18,,-0.0381,,0.0000,falling,insufficient_signal,0.0000,0.0000,0.0000,0.0000,0.0000,unknown,unknown,unknown,,3.50,2.70,balanced,,true
IwaStore,1379001707593645,Gift a sanctuary,closed_30d,video,video,OUTCOME_SALES,"""2026-04-25T21:00:00.000Z""",PAUSED,14,3,9,2.24,2.24,0.00,0,0.00,0.0000,2.24,0,0.00,0.0000,0.00,0,,,1.8868,1.1033,106,91.5149,1.8868,50.0000,0.0000,0.0000,,,0.0000,insufficient_history,none,0.4800,,,,,,,unknown,insufficient_signal,0.0000,0.0000,0.0000,0.0000,0.0000,unknown,unknown,unknown,,3.50,2.70,balanced,,false
IwaStore,942632511988052,Gift a sanctuary,closed_30d,video,video,OUTCOME_SALES,"""2026-04-09T21:00:00.000Z""",CAMPAIGN_PAUSED,27,3,25,2.22,2.22,0.00,0,0.00,0.0000,2.22,0,0.00,0.0000,0.00,0,,,7.3625,1.0967,1073,56.5707,0.6524,42.8571,0.0000,0.0000,,,0.0000,insufficient_history,none,0.4800,,,,,,,unknown,insufficient_signal,0.0000,0.0000,0.0000,0.0000,0.0000,unknown,unknown,unknown,,3.50,2.70,balanced,,false
IwaStore,2461627344307336,Beautiful gatherings,closed_30d,video,video,OUTCOME_SALES,"""2026-04-09T21:00:00.000Z""",CAMPAIGN_PAUSED,26,2,25,2.17,2.17,0.00,0,0.00,0.0000,2.17,0,0.00,0.0000,0.00,0,,,20.8286,1.1850,2655,29.4175,0.7156,31.5789,0.0000,0.0000,,,0.0000,insufficient_history,none,0.4800,,,,,,,unknown,upper_funnel,0.8000,1.0000,0.0000,0.0000,0.0000,average,above_average,above_average,,3.50,2.70,balanced,,false
IwaStore,26217458397936563,decorista_93,active,video,video,OUTCOME_SALES,"""2026-05-01T21:00:00.000Z""",ACTIVE,3,1,3,1.71,1.71,1.71,0,0.00,0.0000,1.71,0,0.00,0.0000,1.71,0,0.0000,,12.7273,1.3400,55,85.4600,10.9091,133.3333,0.0000,0.0000,,,0.0000,insufficient_history,none,0.4800,,,,,,,unknown,insufficient_signal,0.0000,0.0000,0.0000,0.0000,0.0000,unknown,unknown,unknown,,3.50,2.70,balanced,,false
IwaStore,911903564961526,Decorating the,closed_30d,video,video,OUTCOME_SALES,"""2026-04-15T21:00:00.000Z""",CAMPAIGN_PAUSED,28,5,19,1.62,1.62,0.00,0,0.00,0.0000,0.99,0,0.00,0.0000,0.00,0,,,1.7391,1.1080,230,80.4316,1.7391,100.0000,0.0000,0.0000,,,0.0000,past_peak_unclear,none,0.4800,0.0000,28,,-0.0372,,0.0000,falling,insufficient_signal,0.0000,0.0000,0.0000,0.0000,0.0000,unknown,unknown,unknown,,3.50,2.70,balanced,,true
IwaStore,4020864904715329,Timeless Crescent,closed_30d,feed,image,OUTCOME_SALES,"""2026-04-15T21:00:00.000Z""",CAMPAIGN_PAUSED,42,4,19,1.38,0.55,0.00,0,0.00,0.0000,0.55,0,0.00,0.0000,0.00,0,,,0.9091,1.0540,110,0.0000,0.0000,,,,,,,insufficient_history,none,0.4800,,,,,,,unknown,insufficient_signal,0.0000,0.0000,0.0000,0.0000,0.0000,unknown,unknown,unknown,,3.50,2.70,balanced,,false
IwaStore,941843838638338,Decorating the,closed_30d,video,video,OUTCOME_SALES,"""2026-04-09T21:00:00.000Z""",CAMPAIGN_PAUSED,27,2,25,1.36,1.36,0.00,0,0.00,0.0000,1.36,0,0.00,0.0000,0.00,0,,,0.9174,1.2250,327,79.8159,0.9174,100.0000,33.3333,33.3333,0.0000,,0.0000,insufficient_history,none,0.4800,,,,,,,unknown,insufficient_signal,0.0000,0.0000,0.0000,0.0000,0.0000,unknown,unknown,unknown,,3.50,2.70,balanced,,false
IwaStore,26370728439273093,Elevate your,active,video,,,"""2026-05-04T21:00:00.000Z""",ACTIVE,,,0,1.27,1.27,1.27,0,0.00,0.0000,,,,,,,,,,,,,,,,,,,,,,,,,,,,,,,,,,,,,,,,3.50,2.70,balanced,,
IwaStore,1651845599492662,Glowing lanterns,closed_30d,video,video,OUTCOME_SALES,"""2026-04-07T21:00:00.000Z""",CAMPAIGN_PAUSED,28,2,27,1.21,1.21,0.00,0,0.00,0.0000,0.42,0,0.00,0.0000,0.00,0,,,6.9444,1.0700,72,69.4400,1.3889,100.0000,0.0000,0.0000,,,0.0000,insufficient_history,none,0.4800,,,,,,,unknown,insufficient_signal,0.0000,0.0000,0.0000,0.0000,0.0000,unknown,unknown,unknown,,3.50,2.70,balanced,,false
IwaStore,964936183160568,Decorating the,active,video,video,OUTCOME_SALES,"""2026-04-28T21:00:00.000Z""",ACTIVE,18,2,6,1.07,1.07,0.53,0,0.00,0.0000,1.07,0,0.00,0.0000,0.53,0,0.0000,,6.6667,1.2850,75,81.3328,4.0000,100.0000,33.3333,33.3333,0.0000,,0.0000,insufficient_history,none,0.4800,,,,,,,unknown,insufficient_signal,0.0000,0.0000,0.0000,0.0000,0.0000,unknown,unknown,unknown,,3.50,2.70,balanced,,false
IwaStore,1503170044485677,Glowing lanterns,active,video,video,OUTCOME_SALES,"""2026-05-04T21:00:00.000Z""",ACTIVE,9,3,0,1.03,1.03,0.05,0,0.00,0.0000,1.01,0,0.00,0.0000,0.03,0,0.0000,,21.2329,1.0867,146,49.3141,2.0548,25.0000,25.0000,100.0000,0.0000,,0.0000,insufficient_history,none,0.4800,,,,,,,unknown,insufficient_signal,0.0000,0.0000,0.0000,0.0000,0.0000,unknown,unknown,unknown,,3.50,2.70,balanced,,false
IwaStore,1681449599961309,Gift a sanctuary,closed_30d,video,video,OUTCOME_SALES,"""2026-04-13T21:00:00.000Z""",CAMPAIGN_PAUSED,32,2,21,0.82,0.46,0.00,0,0.00,0.0000,0.46,0,0.00,0.0000,0.00,0,,,7.8947,1.2050,114,62.2782,0.8772,0.0000,0.0000,,,,0.0000,insufficient_history,none,0.4800,,,,,,,unknown,insufficient_signal,0.0000,0.0000,0.0000,0.0000,0.0000,unknown,unknown,unknown,,3.50,2.70,balanced,,false
IwaStore,2736771126679641,Since I hung,closed_30d,video,video,OUTCOME_SALES,"""2026-04-24T21:00:00.000Z""",ACTIVE,10,1,10,0.82,0.82,0.00,0,0.00,0.0000,0.82,0,0.00,0.0000,0.00,0,,,12.0482,1.0800,166,96.3900,1.8072,100.0000,0.0000,0.0000,,,0.0000,insufficient_history,none,0.4800,,,,,,,unknown,insufficient_signal,0.0000,0.0000,0.0000,0.0000,0.0000,unknown,unknown,unknown,,3.50,2.70,balanced,,false
IwaStore,1692424485272995,If you’re looking,active,video,,,"""2026-05-04T21:00:00.000Z""",ACTIVE,,,0,0.63,0.63,0.63,0,0.00,0.0000,,,,,,,,,,,,,,,,,,,,,,,,,,,,,,,,,,,,,,,,3.50,2.70,balanced,,
IwaStore,905617072477248,Glowing lanterns,active,video,video,OUTCOME_SALES,"""2026-04-28T21:00:00.000Z""",ACTIVE,8,2,6,0.63,0.63,0.11,0,0.00,0.0000,0.63,0,0.00,0.0000,0.11,0,0.0000,,8.8235,1.1100,34,79.4100,2.9412,50.0000,0.0000,0.0000,,,0.0000,insufficient_history,none,0.4800,,,,,,,unknown,insufficient_signal,0.0000,0.0000,0.0000,0.0000,0.0000,unknown,unknown,unknown,,3.50,2.70,balanced,,false
IwaStore,881092554943010,Since I hung,closed_30d,video,video,OUTCOME_SALES,"""2026-04-27T21:00:00.000Z""",ACTIVE,7,1,7,0.52,0.52,0.00,0,0.00,0.0000,0.52,0,0.00,0.0000,0.00,0,,,13.2075,1.0500,106,89.6200,0.0000,200.0000,0.0000,0.0000,,,0.0000,insufficient_history,none,0.4800,,,,,,,unknown,insufficient_signal,0.0000,0.0000,0.0000,0.0000,0.0000,unknown,unknown,unknown,,3.50,2.70,balanced,,false
IwaStore,1516635529950522,Iconic beauty,closed_30d,video,video,OUTCOME_SALES,"""2026-04-28T21:00:00.000Z""",PAUSED,11,2,6,0.30,0.30,0.17,0,0.00,0.0000,0.30,0,0.00,0.0000,0.17,0,0.0000,,7.4074,1.0000,27,88.8856,7.4074,0.0000,0.0000,,,,0.0000,insufficient_history,none,0.4800,,,,,,,unknown,insufficient_signal,0.0000,0.0000,0.0000,0.0000,0.0000,unknown,unknown,unknown,,3.50,2.70,balanced,,false
IwaStore,2317482965443311,decorista_93,active,video,video,OUTCOME_SALES,"""2026-05-03T21:00:00.000Z""",ACTIVE,1,1,1,0.13,0.13,0.13,0,0.00,0.0000,0.13,0,0.00,0.0000,0.13,0,0.0000,,12.5000,1.0000,8,100.0000,0.0000,,,,,,,insufficient_history,none,0.4800,,,,,,,unknown,none,1.0000,0.0000,0.0000,0.0000,0.0000,unknown,unknown,unknown,,3.50,2.70,balanced,,false
IwaStore,4337403796547773,Iconic beauty,closed_30d,video,video,OUTCOME_SALES,"""2026-04-27T21:00:00.000Z""",PAUSED,12,3,7,0.12,0.12,0.00,0,0.00,0.0000,0.12,0,0.00,0.0000,0.00,0,,,0.0000,1.2200,13,92.3077,0.0000,,,,,,,insufficient_history,none,0.4800,,,,,,,unknown,insufficient_signal,0.0000,0.0000,0.0000,0.0000,0.0000,unknown,unknown,unknown,,3.50,2.70,balanced,,false
IwaStore,955048726939519,Gift a sanctuary,closed_30d,video,video,OUTCOME_SALES,"""2026-04-23T21:00:00.000Z""",PAUSED,11,1,11,0.09,0.09,0.00,0,0.00,0.0000,0.09,0,0.00,0.0000,0.00,0,,,0.0000,1.0000,10,90.0000,0.0000,,,,,,,insufficient_history,none,0.4800,,,,,,,unknown,insufficient_signal,0.0000,0.0000,0.0000,0.0000,0.0000,unknown,unknown,unknown,,3.50,2.70,balanced,,false
IwaStore,1281637630090710,A prayer niche,active,video,video,OUTCOME_SALES,"""2026-04-28T21:00:00.000Z""",ACTIVE,6,1,6,0.07,0.07,0.07,0,0.00,0.0000,0.07,0,0.00,0.0000,0.07,0,0.0000,,0.0000,1.0000,13,84.6200,0.0000,,,,,,,insufficient_history,none,0.4800,,,,,,,unknown,insufficient_signal,0.0000,0.0000,0.0000,0.0000,0.0000,unknown,unknown,unknown,,3.50,2.70,balanced,,false
IwaStore,3174616586071964,Beautiful gatherings,closed_30d,video,video,OUTCOME_SALES,"""2026-04-25T21:00:00.000Z""",PAUSED,9,1,9,0.03,0.03,0.00,1,57.31,1910.3333,0.03,1,57.31,1910.3333,0.00,0,,0.03,16.6667,1.5000,6,100.0000,16.6667,100.0000,400.0000,400.0000,0.0000,,100.0000,insufficient_history,none,0.6400,,,,,,,unknown,insufficient_signal,0.0000,0.0000,0.0000,0.0000,0.0000,unknown,unknown,unknown,,3.50,2.70,balanced,,false
IwaStore,1232574995617489,Beautiful gatherings,closed_30d,video,video,OUTCOME_SALES,"""2026-04-20T21:00:00.000Z""",PAUSED,14,1,14,0.01,0.01,0.00,0,0.00,0.0000,0.01,0,0.00,0.0000,0.00,0,,,0.0000,1.0000,1,100.0000,0.0000,,,,,,,insufficient_history,none,0.4800,,,,,,,unknown,insufficient_signal,0.0000,0.0000,0.0000,0.0000,0.0000,unknown,unknown,unknown,,3.50,2.70,balanced,,false
IwaStore,1521625876245401,Timeless Crescent,closed_30d,feed,image,OUTCOME_SALES,"""2026-04-22T21:00:00.000Z""",PAUSED,12,1,12,0.01,0.01,0.00,0,0.00,0.0000,0.01,0,0.00,0.0000,0.00,0,,,0.0000,1.0000,2,0.0000,0.0000,,,,,,,insufficient_history,none,0.4800,,,,,,,unknown,insufficient_signal,0.0000,0.0000,0.0000,0.0000,0.0000,unknown,unknown,unknown,,3.50,2.70,balanced,,false
IwaStore,1589360725474198,A prayer niche,closed_30d,video,,,"""2026-05-04T21:00:00.000Z""",ACTIVE,,,0,0.00,0.00,0.00,0,0.00,,,,,,,,,,,,,,,,,,,,,,,,,,,,,,,,,,,,,,,,,3.50,2.70,balanced,,
