business,creative_id,creative_name,v3_label,v3_reason,v3_confidence,v3_truth_source,v3_effective_target_roas,v3_ratio_to_target,v3_badges
TheSwaf,1347969233807910,EMB - CatalogAd,keep,"[demote candidate] ROAS 1.37 (28d) = 62% of target — above account bottom quartile (52%) but below breakeven (1.71 = 78% of target) at $9,963 mature spend — consider demote to test placement or refresh creative concept.",75,commercial_truth,2.2,0.6241849715412959,"[{""type"":""below_breakeven"",""label"":""Below breakeven"",""severity"":""warning""},{""type"":""weak_performance"",""label"":""Below target"",""severity"":""warning""},{""type"":""past_peak_unclear_signal"",""label"":""Past peak — operator review recommended (cannot distinguish missed opportunity vs natural saturation)"",""severity"":""warning""}]"
TheSwaf,1521071976374724,EmB - Catalog Ad,keep,"[demote candidate] ROAS 1.31 (28d) = 60% of target — above account bottom quartile (52%) but below breakeven (1.71 = 78% of target) at $8,824 mature spend — consider demote to test placement or refresh creative concept.",75,commercial_truth,2.2,0.5958174365544542,"[{""type"":""below_breakeven"",""label"":""Below breakeven"",""severity"":""warning""},{""type"":""weak_performance"",""label"":""Below target"",""severity"":""warning""},{""type"":""past_peak_unclear_signal"",""label"":""Past peak — operator review recommended (cannot distinguish missed opportunity vs natural saturation)"",""severity"":""warning""}]"
TheSwaf,2804457086560981,wearthefearrevise,cut,"ROAS 0.89 (28d) = 40% of target after $2,241 spend (28d) — clear loser at scale.",72,commercial_truth,2.2,0.40385198936151223,"[{""type"":""creative_quality_weak"",""label"":""Creative quality weak"",""severity"":""warning""},{""type"":""past_peak_unclear_signal"",""label"":""Past peak — operator review recommended (cannot distinguish missed opportunity vs natural saturation)"",""severity"":""warning""}]"
TheSwaf,1960236391551172,aura,keep,[weak target] ROAS 1.92 (28d) just above breakeven (87% of target) — keep observing; consider tightening if recent 7d weakens.,75,commercial_truth,2.2,0.8731253605447646,"[{""type"":""past_peak_unclear_signal"",""label"":""Past peak — operator review recommended (cannot distinguish missed opportunity vs natural saturation)"",""severity"":""warning""}]"
TheSwaf,967749279083373,protection,keep,[weak target] ROAS 2.02 (28d) just above breakeven (92% of target) — keep observing; consider tightening if recent 7d weakens.,75,commercial_truth,2.2,0.9186823501536682,"[{""type"":""past_peak_unclear_signal"",""label"":""Past peak — operator review recommended (cannot distinguish missed opportunity vs natural saturation)"",""severity"":""warning""}]"
TheSwaf,951995590658338,aphrodite,keep,"[weak zone] ROAS 1.79 (28d) = 81% of target — below target but in working zone, no aggressive action; revisit if ROAS drifts further.",75,commercial_truth,2.2,0.8124872465981978,"[{""type"":""weak_performance"",""label"":""Below target"",""severity"":""warning""}]"
TheSwaf,1561834608247242,fatal,keep,"[demote candidate] ROAS 1.34 (28d) = 61% of target — above account bottom quartile (52%) but below breakeven (1.71 = 78% of target) at $1,180 mature spend — consider demote to test placement or refresh creative concept.",75,commercial_truth,2.2,0.6076367212488074,"[{""type"":""below_breakeven"",""label"":""Below breakeven"",""severity"":""warning""},{""type"":""weak_performance"",""label"":""Below target"",""severity"":""warning""},{""type"":""past_peak_unclear_signal"",""label"":""Past peak — operator review recommended (cannot distinguish missed opportunity vs natural saturation)"",""severity"":""warning""}]"
TheSwaf,841424642307232,EMB - CatalogAd,cut,ROAS 0.58 (28d) = 26% of target after $620 spend (28d) — clear loser at scale.,75,commercial_truth,2.2,0.2645908636524869,"[{""type"":""lifecycle_unavailable"",""label"":""Funnel calibration unavailable"",""severity"":""info""}]"
TheSwaf,941030035300398,biterevise,keep,[near scale] ROAS 3.55 (28d) above target (162%) — recent 7d ROAS 0.00 below target 2.20; observe.,75,commercial_truth,2.2,1.6158380023146899,"[{""type"":""past_peak_unclear_signal"",""label"":""Past peak — operator review recommended (cannot distinguish missed opportunity vs natural saturation)"",""severity"":""warning""}]"
TheSwaf,2731945777166108,depth,cut,ROAS 0.63 (28d) = 29% of target after $587 spend (28d) — clear loser at scale.,62,commercial_truth,2.2,0.28564881761516525,"[{""type"":""creative_quality_weak"",""label"":""Creative quality weak"",""severity"":""warning""},{""type"":""missing_recent_data"",""label"":""Recent 7d data missing"",""severity"":""warning""},{""type"":""past_peak_unclear_signal"",""label"":""Past peak — operator review recommended (cannot distinguish missed opportunity vs natural saturation)"",""severity"":""warning""}]"
TheSwaf,1250889117025589,restraintrevise,scale,ROAS 4.18 (28d) = 190% of target 2.20 with 7 purchases (28d) and recent 7d holding at 3.90 — scale the ad set budget.,75,commercial_truth,2.2,1.8979922559990763,[]
TheSwaf,1344068397554957,EMB - AllRings,keep,[demote candidate] ROAS 1.45 (28d) = 66% of target — above account bottom quartile (52%) but below breakeven (1.71 = 78% of target) at $498 mature spend — consider demote to test placement or refresh creative concept.,75,commercial_truth,2.2,0.660767989838971,"[{""type"":""below_breakeven"",""label"":""Below breakeven"",""severity"":""warning""},{""type"":""weak_performance"",""label"":""Below target"",""severity"":""warning""},{""type"":""past_peak_unclear_signal"",""label"":""Past peak — operator review recommended (cannot distinguish missed opportunity vs natural saturation)"",""severity"":""warning""}]"
TheSwaf,930269923096296,begintodeath,test_more,"Thin data (28d spend $390, 2 purchases, age 26d) — let the creative accumulate signal.",75,commercial_truth,2.2,0.9158107433349977,[]
TheSwaf,1425547512680542,ancientegypt,test_more,"Thin data (28d spend $378, 2 purchases, age 26d) — let the creative accumulate signal.",75,commercial_truth,2.2,0.28871485798837926,"[{""type"":""cut_candidate"",""label"":""Cut candidate — ROAS 29% of target on $378 spend; consider manual cut or wait for hard threshold"",""severity"":""warning""}]"
TheSwaf,974060018521285,death,test_more,"Thin data (28d spend $371, 3 purchases, age 26d) — let the creative accumulate signal.",75,commercial_truth,2.2,0.6367897956884432,[]
TheSwaf,2195229177681668,angelNdevill,test_more,"Thin data (28d spend $341, 2 purchases, age 26d) — let the creative accumulate signal.",75,commercial_truth,2.2,0.49841679371408465,"[{""type"":""cut_candidate"",""label"":""Cut candidate — ROAS 50% of target on $341 spend; consider manual cut or wait for hard threshold"",""severity"":""warning""}]"
TheSwaf,935580372698767,faith,cut,Severe loser at scale: ROAS 0.38 = 17% of target on $325 (28d) — spend exceeded hard-cut threshold $281 and ratio is below severe-loser zone (28%); decisive cut despite young age / thin sample.,62,commercial_truth,2.2,0.1749166696985556,"[{""type"":""creative_quality_weak"",""label"":""Creative quality weak"",""severity"":""warning""},{""type"":""missing_recent_data"",""label"":""Recent 7d data missing"",""severity"":""warning""},{""type"":""past_peak_unclear_signal"",""label"":""Past peak — operator review recommended (cannot distinguish missed opportunity vs natural saturation)"",""severity"":""warning""}]"
TheSwaf,2413832812481192,watchthat,cut,"0 purchases on $226 spend (28d cumulative, age 26d) — sustained zero-conversion burn.",67,commercial_truth,2.2,0,"[{""type"":""creative_quality_weak"",""label"":""Creative quality weak"",""severity"":""warning""},{""type"":""missing_recent_data"",""label"":""Recent 7d data missing"",""severity"":""warning""},{""type"":""past_peak_unclear_signal"",""label"":""Past peak — operator review recommended (cannot distinguish missed opportunity vs natural saturation)"",""severity"":""warning""}]"
TheSwaf,2908323869499405,risklooksbetter,diagnose,"Tracking anomaly: spend, clicks, landing page views, add-to-cart, and checkout all have activity but purchases are zero. Verify pixel/CAPI purchase event firing before acting.",85,commercial_truth,2.2,0,"[{""type"":""tracking_anomaly"",""label"":""Tracking anomaly"",""severity"":""warning""}]"
TheSwaf,1476506453853715,legacyrevise,test_more,"Thin data (28d spend $154, 1 purchases, age 26d) — let the creative accumulate signal.",75,commercial_truth,2.2,0.5578780028261894,[]
TheSwaf,1484306833294778,EMB - TargeryenFlex,test_more,"Thin data (28d spend $148, 1 purchases, age 25d) — let the creative accumulate signal.",75,commercial_truth,2.2,0.6873060839066503,[]
TheSwaf,1370381998117941,Advantage+ catalog ad,test_more,"Thin data (28d spend $145, 1 purchases, age 212d) — let the creative accumulate signal.",75,commercial_truth,2.2,0.5526802680268027,[]
TheSwaf,1879695362688413,bestseller,test_more,"Thin data (28d spend $122, 2 purchases, age 26d) — let the creative accumulate signal.",75,commercial_truth,2.2,1.1803464839868814,[]
TheSwaf,1761002005018656,ring,test_more,"Thin data (28d spend $113, 1 purchases, age 26d) — let the creative accumulate signal.",75,commercial_truth,2.2,1.0600012901769158,[]
TheSwaf,1655126075507081,evolution,diagnose,"Tracking anomaly: spend, clicks, landing page views, add-to-cart, and checkout all have activity but purchases are zero. Verify pixel/CAPI purchase event firing before acting.",85,commercial_truth,2.2,0,"[{""type"":""tracking_anomaly"",""label"":""Tracking anomaly"",""severity"":""warning""}]"
TheSwaf,967102445774372,EMB - Mix,test_more,"Thin data (28d spend $67, 1 purchases, age 26d) — let the creative accumulate signal.",75,commercial_truth,2.2,1.0314763723344975,[]
TheSwaf,882777081456596,bestsellerringsgothic,test_more,"Thin data (28d spend $57, 1 purchases, age 26d) — let the creative accumulate signal.",75,commercial_truth,2.2,1.2107495568498352,[]
TheSwaf,1417424656739964,Tastemythrevise,test_more,"Thin data (28d spend $48, 0 purchases, age 26d) — let the creative accumulate signal.",75,commercial_truth,2.2,0,[]
TheSwaf,736272486128828,AllRings,test_more,"Thin data (28d spend $39, 0 purchases, age 216d) — let the creative accumulate signal.",75,commercial_truth,2.2,0,[]
TheSwaf,1945472502724074,EMB - ReligiousNecklace,test_more,"Thin data (28d spend $33, 0 purchases, age 26d) — let the creative accumulate signal.",70,commercial_truth,2.2,0,"[{""type"":""volatile_trend"",""label"":""Volatile spend/ROAS trend — signal noisy"",""severity"":""warning""}]"
TheSwaf,1229430125634078,bestsellersnecklace,test_more,"Thin data (28d spend $32, 0 purchases, age 26d) — let the creative accumulate signal.",75,commercial_truth,2.2,0,[]
TheSwaf,4547154848899014,softness,test_more,"Thin data (28d spend $30, 0 purchases, age 26d) — let the creative accumulate signal.",75,commercial_truth,2.2,0,[]
TheSwaf,1444968763982893,EMB - TargeryenFlex,diagnose,"Active creative — 0 spend in last 7d, 28d total $13 — check delivery (ad set status, budget, audience size, frequency caps).",65,commercial_truth,2.2,0,"[{""type"":""low_ctr"",""label"":""Low CTR (2.36% vs account P10 2.38%)"",""severity"":""info""}]"
TheSwaf,2467451360428576,EMB - AllRings,test_more,"Thin data (28d spend $13, 0 purchases, age 3d) — let the creative accumulate signal.",75,commercial_truth,2.2,0,"[{""type"":""low_ctr"",""label"":""Low CTR (2.31% vs account P10 2.38%)"",""severity"":""info""}]"
TheSwaf,1624871925951037,whispersfromthedevil,test_more,"Thin data (28d spend $11, 0 purchases, age 26d) — let the creative accumulate signal.",70,commercial_truth,2.2,0,"[{""type"":""volatile_trend"",""label"":""Volatile spend/ROAS trend — signal noisy"",""severity"":""warning""}]"
TheSwaf,1310237954326358,alphawolfnecklace,diagnose,"Active creative — 0 spend in last 7d, 28d total $10 — check delivery (ad set status, budget, audience size, frequency caps).",60,commercial_truth,2.2,0,"[{""type"":""low_ctr"",""label"":""Low CTR (1.98% vs account P10 2.38%)"",""severity"":""info""},{""type"":""volatile_trend"",""label"":""Volatile spend/ROAS trend — signal noisy"",""severity"":""warning""}]"
TheSwaf,3357963294352238,ReligiousNecklaceFlex,test_more,"Thin data (28d spend $6, 0 purchases, age 216d) — let the creative accumulate signal.",75,commercial_truth,2.2,0,[]
TheSwaf,1383902269751310,TargeryenFlex,test_more,"Thin data (28d spend $6, 0 purchases, age 211d) — let the creative accumulate signal.",75,commercial_truth,2.2,0,[]
TheSwaf,1508640670664791,EMB - Mix,test_more,"Thin data (28d spend $5, 0 purchases, age 3d) — let the creative accumulate signal.",75,commercial_truth,2.2,0,[]
TheSwaf,3208178412688054,EMB - Mix,test_more,"Thin data (28d spend $4, 0 purchases, age 13d) — let the creative accumulate signal.",75,commercial_truth,2.2,0,"[{""type"":""low_ctr"",""label"":""Low CTR (1.08% vs account P10 2.38%)"",""severity"":""info""}]"
TheSwaf,1133995451493304,MedusaFlex,test_more,"Thin data (28d spend $3, 0 purchases, age 216d) — let the creative accumulate signal.",75,commercial_truth,2.2,0,[]
TheSwaf,1474105167195606,Mix,test_more,"Thin data (28d spend $3, 0 purchases, age 212d) — let the creative accumulate signal.",75,commercial_truth,2.2,0,[]
TheSwaf,840261811685973,EMB - ReligiousNecklace,test_more,"Thin data (28d spend $2, 0 purchases, age 2d) — let the creative accumulate signal.",75,commercial_truth,2.2,0,[]
TheSwaf,2239437839796106,EMB - TargeryenFlex,test_more,"Thin data (28d spend $1, 0 purchases, age 3d) — let the creative accumulate signal.",75,commercial_truth,2.2,0,"[{""type"":""low_ctr"",""label"":""Low CTR (0.00% vs account P10 2.38%)"",""severity"":""info""}]"
TheSwaf,1142325247324026,TargeryenFlex,test_more,"Thin data (28d spend $0, 1 purchases, age 215d) — let the creative accumulate signal.",75,commercial_truth,2.2,493.42105263157896,[]
TheSwaf,1227564916156055,zodiacrings,test_more,"Thin data (28d spend $0, 0 purchases, age 55d) — let the creative accumulate signal.",75,commercial_truth,2.2,,[]
TheSwaf,1228965198946224,bestsellers,test_more,"Thin data (28d spend $0, 0 purchases, age 55d) — let the creative accumulate signal.",75,commercial_truth,2.2,,[]
TheSwaf,1238373618347463,FlexProducts1,test_more,"Thin data (28d spend $0, 0 purchases, age 117d) — let the creative accumulate signal.",75,commercial_truth,2.2,,[]
TheSwaf,1247766534153547,angelNdevill,test_more,"Thin data (28d spend $0, 0 purchases, age 54d) — let the creative accumulate signal.",75,commercial_truth,2.2,,[]
TheSwaf,1275148770968254,ReligiousNecklaceFlex,test_more,"Thin data (28d spend $0, 0 purchases, age 204d) — let the creative accumulate signal.",75,commercial_truth,2.2,,[]
TheSwaf,1283690053078235,Mix,test_more,"Thin data (28d spend $0, 0 purchases, age 216d) — let the creative accumulate signal.",75,commercial_truth,2.2,,[]
TheSwaf,1427064768903646,Alexis2,test_more,"Thin data (28d spend $0, 0 purchases, age 158d) — let the creative accumulate signal.",75,commercial_truth,2.2,,[]
TheSwaf,1455282982931537,ancientegypt,test_more,"Thin data (28d spend $0, 0 purchases, age 55d) — let the creative accumulate signal.",75,commercial_truth,2.2,,[]
TheSwaf,1472586024209388,Keepunder,test_more,"Thin data (28d spend $0, 0 purchases, age 55d) — let the creative accumulate signal.",75,commercial_truth,2.2,,[]
TheSwaf,1475518180636681,bestsellerrings,test_more,"Thin data (28d spend $0, 0 purchases, age 55d) — let the creative accumulate signal.",75,commercial_truth,2.2,,[]
TheSwaf,1492238399232429,devotion,test_more,"Thin data (28d spend $0, 0 purchases, age 55d) — let the creative accumulate signal.",75,commercial_truth,2.2,,[]
TheSwaf,1557856095287688,signature,test_more,"Thin data (28d spend $0, 0 purchases, age 55d) — let the creative accumulate signal.",75,commercial_truth,2.2,,[]
TheSwaf,1584460083244010,alphawolfnecklace,test_more,"Thin data (28d spend $0, 0 purchases, age 55d) — let the creative accumulate signal.",75,commercial_truth,2.2,,[]
TheSwaf,1731674561122458,Alexis3,test_more,"Thin data (28d spend $0, 0 purchases, age 158d) — let the creative accumulate signal.",75,commercial_truth,2.2,,[]
TheSwaf,1818292642156801,aphrodite,test_more,"Thin data (28d spend $0, 0 purchases, age 55d) — let the creative accumulate signal.",75,commercial_truth,2.2,,[]
TheSwaf,1851364679152359,AllRings,test_more,"Thin data (28d spend $0, 0 purchases, age 207d) — let the creative accumulate signal.",75,commercial_truth,2.2,,[]
TheSwaf,1977389770325231,eyesofthedark,test_more,"Thin data (28d spend $0, 0 purchases, age 55d) — let the creative accumulate signal.",75,commercial_truth,2.2,,[]
TheSwaf,2007908863143231,sainmichael,test_more,"Thin data (28d spend $0, 0 purchases, age 55d) — let the creative accumulate signal.",75,commercial_truth,2.2,,[]
TheSwaf,2098714574268217,Alexis4,test_more,"Thin data (28d spend $0, 0 purchases, age 158d) — let the creative accumulate signal.",75,commercial_truth,2.2,,[]
TheSwaf,2368904483582005,SNAKE,test_more,"Thin data (28d spend $0, 0 purchases, age 55d) — let the creative accumulate signal.",75,commercial_truth,2.2,,[]
TheSwaf,2416027128792038,MedusaFlex,test_more,"Thin data (28d spend $0, 0 purchases, age 210d) — let the creative accumulate signal.",75,commercial_truth,2.2,,[]
TheSwaf,2471743649920621,thesea,test_more,"Thin data (28d spend $0, 0 purchases, age 55d) — let the creative accumulate signal.",75,commercial_truth,2.2,,[]
TheSwaf,25475912805441426,FlexProducts4,test_more,"Thin data (28d spend $0, 0 purchases, age 92d) — let the creative accumulate signal.",75,commercial_truth,2.2,,[]
TheSwaf,2736823320044095,survivedlove,test_more,"Thin data (28d spend $0, 0 purchases, age 55d) — let the creative accumulate signal.",75,commercial_truth,2.2,,[]
TheSwaf,2969651996567221,bestsellernecklaces,test_more,"Thin data (28d spend $0, 0 purchases, age 55d) — let the creative accumulate signal.",75,commercial_truth,2.2,,[]
TheSwaf,2979719068880989,bestsellers,test_more,"Thin data (28d spend $0, 0 purchases, age 54d) — let the creative accumulate signal.",75,commercial_truth,2.2,,[]
TheSwaf,4205345773013373,legacies,test_more,"Thin data (28d spend $0, 0 purchases, age 55d) — let the creative accumulate signal.",75,commercial_truth,2.2,,[]
TheSwaf,4253160371565349,lifendeath,test_more,"Thin data (28d spend $0, 0 purchases, age 55d) — let the creative accumulate signal.",75,commercial_truth,2.2,,[]
TheSwaf,4258896584366427,turthordare,test_more,"Thin data (28d spend $0, 0 purchases, age 55d) — let the creative accumulate signal.",75,commercial_truth,2.2,,[]
TheSwaf,741860825664860,FlexProducts3,test_more,"Thin data (28d spend $0, 0 purchases, age 92d) — let the creative accumulate signal.",75,commercial_truth,2.2,,[]
TheSwaf,805821445893398,begintodeath,test_more,"Thin data (28d spend $0, 0 purchases, age 55d) — let the creative accumulate signal.",75,commercial_truth,2.2,,[]
TheSwaf,932574439321778,angelNdevill,test_more,"Thin data (28d spend $0, 0 purchases, age 55d) — let the creative accumulate signal.",75,commercial_truth,2.2,,[]
IwaStore,2240450456794543,Catalog New Collection,keep,"[at target] ROAS 3.43 (28d) at/around target 3.50 (98%) — stable, let it run; fatigue watch — monitor for refresh signal.",78,commercial_truth,3.5,0.9796450291671837,"[{""type"":""fatigue_watch"",""label"":""Fatigue watch"",""severity"":""warning""},{""type"":""opportunity_window_open"",""label"":""Opportunity window — peak now (peak 1d ago)"",""severity"":""info""}]"
IwaStore,1976762379605003,WallArtCatalog,keep,"[demote candidate] ROAS 2.60 (28d) = 74% of target — above account bottom quartile (58%) but below breakeven (2.70 = 77% of target) at $1,028 mature spend — consider demote to test placement or refresh creative concept.",75,commercial_truth,3.5,0.7418518075739335,"[{""type"":""below_breakeven"",""label"":""Below breakeven"",""severity"":""warning""},{""type"":""weak_performance"",""label"":""Below target"",""severity"":""warning""},{""type"":""past_peak_unclear_signal"",""label"":""Past peak — operator review recommended (cannot distinguish missed opportunity vs natural saturation)"",""severity"":""warning""}]"
IwaStore,2729900394016654,WallArtCatalog,keep,"[at target] ROAS 3.93 (28d) at/around target 3.50 (112%) — stable, let it run; fatigue watch — monitor for refresh signal; lifecycle: past_peak_unclear — operator review recommended",65,commercial_truth,3.5,1.1214566603879583,"[{""type"":""fatigue_watch"",""label"":""Fatigue watch"",""severity"":""warning""},{""type"":""missing_recent_data"",""label"":""Recent 7d data missing"",""severity"":""warning""},{""type"":""past_peak_unclear_signal"",""label"":""Past peak — operator review recommended (cannot distinguish missed opportunity vs natural saturation)"",""severity"":""warning""}]"
IwaStore,1597946391493220,WoodenWallArtCatalog,keep,[near scale] ROAS 4.47 (28d) approaching scale threshold (128%) — needs $173+ spend or 8+ purchases for full scale.,75,commercial_truth,3.5,1.277102454876817,"[{""type"":""past_peak_unclear_signal"",""label"":""Past peak — operator review recommended (cannot distinguish missed opportunity vs natural saturation)"",""severity"":""warning""}]"
IwaStore,1610875453601663,A misbaha,keep,[weak target] ROAS 3.30 (28d) just above breakeven (94% of target) — keep observing; consider tightening if recent 7d weakens; fatigue watch — monitor for refresh signal.,75,commercial_truth,3.5,0.9438383246686683,"[{""type"":""fatigue_watch"",""label"":""Fatigue watch"",""severity"":""warning""},{""type"":""past_peak_unclear_signal"",""label"":""Past peak — operator review recommended (cannot distinguish missed opportunity vs natural saturation)"",""severity"":""warning""}]"
IwaStore,917280764555370,WoodenWallArtCatalog,keep,[weak target] ROAS 3.07 (28d) just above breakeven (88% of target) — keep observing; consider tightening if recent 7d weakens; fatigue watch — monitor for refresh signal.,65,commercial_truth,3.5,0.8776392298935676,"[{""type"":""fatigue_watch"",""label"":""Fatigue watch"",""severity"":""warning""},{""type"":""missing_recent_data"",""label"":""Recent 7d data missing"",""severity"":""warning""},{""type"":""past_peak_unclear_signal"",""label"":""Past peak — operator review recommended (cannot distinguish missed opportunity vs natural saturation)"",""severity"":""warning""}]"
IwaStore,966762982363817,decorista_93,keep,[near scale] ROAS 6.34 (28d) above target (181%) — recent 7d ROAS 3.16 below target 3.50; observe.,75,commercial_truth,3.5,1.812654565285726,"[{""type"":""past_peak_unclear_signal"",""label"":""Past peak — operator review recommended (cannot distinguish missed opportunity vs natural saturation)"",""severity"":""warning""}]"
IwaStore,2766311733731448,Transforming a house,keep,[near scale] ROAS 14.53 (28d) above target (415%) — recent 7d ROAS missing; observe.,65,commercial_truth,3.5,4.1505246919458365,"[{""type"":""missing_recent_data"",""label"":""Recent 7d data missing"",""severity"":""warning""},{""type"":""past_peak_unclear_signal"",""label"":""Past peak — operator review recommended (cannot distinguish missed opportunity vs natural saturation)"",""severity"":""warning""}]"
IwaStore,1420674099804622,Every beautiful,cut,ROAS 1.49 (28d) = 43% of target after $372 spend (28d) — clear loser at scale.,72,commercial_truth,3.5,0.426733482466608,"[{""type"":""past_peak_unclear_signal"",""label"":""Past peak — operator review recommended (cannot distinguish missed opportunity vs natural saturation)"",""severity"":""warning""}]"
IwaStore,811959778633363,New 2026 Collection,keep,"[at target] ROAS 3.38 (28d) at/around target 3.50 (97%) — stable, let it run; fatigue watch — monitor for refresh signal; lifecycle: past_peak_unclear — operator review recommended",75,commercial_truth,3.5,0.9664282038682819,"[{""type"":""fatigue_watch"",""label"":""Fatigue watch"",""severity"":""warning""},{""type"":""past_peak_unclear_signal"",""label"":""Past peak — operator review recommended (cannot distinguish missed opportunity vs natural saturation)"",""severity"":""warning""}]"
IwaStore,2195290934643087,Transforming a house,keep,[near scale] ROAS 5.41 (28d) above target (155%) — recent 7d ROAS 1.77 below target 3.50; observe.,75,commercial_truth,3.5,1.5454600012002635,"[{""type"":""past_peak_unclear_signal"",""label"":""Past peak — operator review recommended (cannot distinguish missed opportunity vs natural saturation)"",""severity"":""warning""}]"
IwaStore,1655577498670460,Since I hung,cut,Severe loser at scale: ROAS 0.87 = 25% of target on $323 (28d) — spend exceeded hard-cut threshold $289 and ratio is below severe-loser zone (39%); decisive cut despite young age / thin sample.,75,commercial_truth,3.5,0.24980875440528152,"[{""type"":""lifecycle_unavailable"",""label"":""Insufficient history for lifecycle analysis"",""severity"":""info""}]"
IwaStore,712308491893470,julia_julia386,out_of_scope,Engine currently supports OUTCOME_SALES only; this creative is OUTCOME_ENGAGEMENT.,60,global_default,2,,[]
IwaStore,1284552599771657,WoodenWallArtCatalog,diagnose,"Active creative — 0 spend in last 7d, 28d total $251 — check delivery (ad set status, budget, audience size, frequency caps).",65,commercial_truth,3.5,1.8042441827388067,[]
IwaStore,3953033168334495,لا للمحراب في البيوت!!,out_of_scope,Engine currently supports OUTCOME_SALES only; this creative is OUTCOME_ENGAGEMENT.,60,global_default,2,,[]
IwaStore,968020058968795,mum2boys_style,test_more,"Thin data (28d spend $215, 2 purchases, age 5d) — let the creative accumulate signal.",75,commercial_truth,3.5,0.6344089599318555,[]
IwaStore,1585735605840392,Since I hung,test_more,"Thin data (28d spend $128, 2 purchases, age 42d) — let the creative accumulate signal.",75,commercial_truth,3.5,0.6570847397009186,[]
IwaStore,1696539768203616,modern.cave,test_more,"Thin data (28d spend $123, 1 purchases, age 5d) — let the creative accumulate signal.",75,commercial_truth,3.5,0.5150296408229688,"[{""type"":""cut_candidate"",""label"":""Cut candidate — ROAS 52% of target on $123 spend; consider manual cut or wait for hard threshold"",""severity"":""warning""}]"
IwaStore,930886633134159,A prayer niche,test_more,"Thin data (28d spend $116, 2 purchases, age 42d) — let the creative accumulate signal.",75,commercial_truth,3.5,0.930689422309534,[]
IwaStore,1493794995651100,The heart finds,test_more,"Thin data (28d spend $104, 2 purchases, age 39d) — let the creative accumulate signal.",75,commercial_truth,3.5,0.8402569945910326,[]
IwaStore,2793542300980492,A journey toward,test_more,"Thin data (28d spend $101, 2 purchases, age 5d) — let the creative accumulate signal.",75,commercial_truth,3.5,0.8449896356873101,[]
IwaStore,975269794952302,A soulful gift,test_more,"Thin data (28d spend $91, 2 purchases, age 5d) — let the creative accumulate signal.",75,commercial_truth,3.5,0.5930503621884632,[]
IwaStore,990746656943922,Since I hung,test_more,"Thin data (28d spend $86, 2 purchases, age 18d) — let the creative accumulate signal.",75,commercial_truth,3.5,0.4576497265572897,[]
IwaStore,1604466493963499,Set up my,test_more,"Thin data (28d spend $81, 0 purchases, age 39d) — let the creative accumulate signal.",75,commercial_truth,3.5,0,[]
IwaStore,1662781231395655,WoodenWallArtCatalog,diagnose,"Tracking anomaly: spend, clicks, landing page views, add-to-cart, and checkout all have activity but purchases are zero. Verify pixel/CAPI purchase event firing before acting.",85,commercial_truth,3.5,0,"[{""type"":""tracking_anomaly"",""label"":""Tracking anomaly"",""severity"":""warning""}]"
IwaStore,2155452695257229,Cherish every,test_more,"Thin data (28d spend $76, 1 purchases, age 39d) — let the creative accumulate signal.",75,commercial_truth,3.5,0.895463510848126,"[{""type"":""low_ctr"",""label"":""Low CTR (0.75% vs account P10 0.94%)"",""severity"":""info""}]"
IwaStore,1491430605985827,PrayerEssentialsCatalog,test_more,"Thin data (28d spend $72, 0 purchases, age 41d) — let the creative accumulate signal.",75,commercial_truth,3.5,0,[]
IwaStore,882122398191881,Catalog New Collection,test_more,"Thin data (28d spend $69, 2 purchases, age 27d) — let the creative accumulate signal.",75,commercial_truth,3.5,6.392742840517063,[]
IwaStore,1677986356526477,nina_deko_germany,test_more,"Thin data (28d spend $69, 2 purchases, age 36d) — let the creative accumulate signal.",75,commercial_truth,3.5,1.0901816969494915,[]
IwaStore,1510126544090812,Decorating the,test_more,"Thin data (28d spend $67, 2 purchases, age 5d) — let the creative accumulate signal.",75,commercial_truth,3.5,1.6929846938775508,[]
IwaStore,1298590478858258,A stunning Islamic,diagnose,"Tracking anomaly: spend, clicks, landing page views, add-to-cart, and checkout all have activity but purchases are zero. Verify pixel/CAPI purchase event firing before acting.",85,commercial_truth,3.5,0,"[{""type"":""tracking_anomaly"",""label"":""Tracking anomaly"",""severity"":""warning""}]"
IwaStore,1127695869538738,The heart finds,test_more,"Thin data (28d spend $49, 0 purchases, age 5d) — let the creative accumulate signal.",75,commercial_truth,3.5,0,[]
IwaStore,4344364212475167,Glowing lanterns,test_more,"Thin data (28d spend $47, 1 purchases, age 18d) — let the creative accumulate signal.",75,commercial_truth,3.5,3.1086467764477126,[]
IwaStore,2260100064398971,A prayer niche,test_more,"Thin data (28d spend $42, 1 purchases, age 21d) — let the creative accumulate signal.",75,commercial_truth,3.5,0.6386954306098183,[]
IwaStore,1230828315767797,WallArtCatalog,test_more,"Thin data (28d spend $40, 0 purchases, age 2d) — let the creative accumulate signal.",75,commercial_truth,3.5,0,[]
IwaStore,1244730050650427,More than,test_more,"Thin data (28d spend $32, 0 purchases, age 39d) — let the creative accumulate signal.",75,commercial_truth,3.5,0,[]
IwaStore,1459053848960720,It added meaning,test_more,"Thin data (28d spend $22, 0 purchases, age 39d) — let the creative accumulate signal.",75,commercial_truth,3.5,0,[]
IwaStore,960144903102269,A solid foundation,test_more,"Thin data (28d spend $22, 1 purchases, age 39d) — let the creative accumulate signal.",75,commercial_truth,3.5,1.3581267217630852,[]
IwaStore,931776873000095,Catalog New Collection,test_more,"Thin data (28d spend $20, 2 purchases, age 1d) — let the creative accumulate signal.",75,commercial_truth,3.5,4.961976369495167,[]
IwaStore,1751293382982422,Transforming a house,test_more,"Thin data (28d spend $16, 0 purchases, age 6d) — let the creative accumulate signal.",75,commercial_truth,3.5,0,[]
IwaStore,1524376165982018,A prayer niche,diagnose,"Tracking anomaly: spend, clicks, landing page views, add-to-cart, and checkout all have activity but purchases are zero. Verify pixel/CAPI purchase event firing before acting.",85,commercial_truth,3.5,0,"[{""type"":""tracking_anomaly"",""label"":""Tracking anomaly"",""severity"":""warning""}]"
IwaStore,2429399654167706,Decorating the,diagnose,"Active creative — 0 spend in last 7d, 28d total $11 — check delivery (ad set status, budget, audience size, frequency caps).",65,commercial_truth,3.5,0,[]
IwaStore,932482069494079,Gift a sanctuary,diagnose,"Tracking anomaly: spend, clicks, landing page views, add-to-cart, and checkout all have activity but purchases are zero. Verify pixel/CAPI purchase event firing before acting.",85,commercial_truth,3.5,0,"[{""type"":""tracking_anomaly"",""label"":""Tracking anomaly"",""severity"":""warning""}]"
IwaStore,1478679750647804,Iconic beauty,diagnose,"Tracking anomaly: spend, clicks, landing page views, add-to-cart, and checkout all have activity but purchases are zero. Verify pixel/CAPI purchase event firing before acting.",85,commercial_truth,3.5,0,"[{""type"":""tracking_anomaly"",""label"":""Tracking anomaly"",""severity"":""warning""}]"
IwaStore,26505469559090682,Beautiful gatherings,test_more,"Thin data (28d spend $8, 1 purchases, age 42d) — let the creative accumulate signal.",75,commercial_truth,3.5,3.3794162826420897,[]
IwaStore,2073086786589405,Loved styling,test_more,"Thin data (28d spend $8, 1 purchases, age 39d) — let the creative accumulate signal.",75,commercial_truth,3.5,17.51240601503759,[]
IwaStore,2023813815225087,Glowing lanterns,test_more,"Thin data (28d spend $7, 0 purchases, age 26d) — let the creative accumulate signal.",75,commercial_truth,3.5,0,[]
IwaStore,1341073624739368,Timeless Crescent,diagnose,"Tracking anomaly: spend, clicks, landing page views, add-to-cart, and checkout all have activity but purchases are zero. Verify pixel/CAPI purchase event firing before acting.",85,commercial_truth,3.5,0,"[{""type"":""tracking_anomaly"",""label"":""Tracking anomaly"",""severity"":""warning""}]"
IwaStore,1986352635337304,decorista_93,test_more,"Thin data (28d spend $7, 0 purchases, age 4d) — let the creative accumulate signal.",75,commercial_truth,3.5,0,[]
IwaStore,1503961571525364,It became the favorite,test_more,"Thin data (28d spend $6, 0 purchases, age 5d) — let the creative accumulate signal.",75,commercial_truth,3.5,0,[]
IwaStore,1280975290844183,New 2026 Collection,test_more,"Thin data (28d spend $6, 0 purchases, age 4d) — let the creative accumulate signal.",75,commercial_truth,3.5,0,[]
IwaStore,1331879072101118,Iconic beauty,test_more,"Thin data (28d spend $5, 0 purchases, age 42d) — let the creative accumulate signal.",75,commercial_truth,3.5,0,[]
IwaStore,1588942188879607,WoodenWallArtCatalog,test_more,"Thin data (28d spend $5, 1 purchases, age 457d) — let the creative accumulate signal.",75,commercial_truth,3.5,8.937657254682694,[]
IwaStore,1718734305961779,WoodenWallArtCatalog,diagnose,"Tracking anomaly: spend, clicks, landing page views, add-to-cart, and checkout all have activity but purchases are zero. Verify pixel/CAPI purchase event firing before acting.",85,commercial_truth,3.5,0,"[{""type"":""tracking_anomaly"",""label"":""Tracking anomaly"",""severity"":""warning""}]"
IwaStore,1893545414686924,Iconic beauty,test_more,"Thin data (28d spend $4, 0 purchases, age 26d) — let the creative accumulate signal.",75,commercial_truth,3.5,0,[]
IwaStore,1433325747959693,Iconic beauty,test_more,"Thin data (28d spend $4, 0 purchases, age 36d) — let the creative accumulate signal.",75,commercial_truth,3.5,0,[]
IwaStore,1271058314571959,Beautiful gatherings,test_more,"Thin data (28d spend $4, 0 purchases, age 17d) — let the creative accumulate signal.",70,commercial_truth,3.5,0,"[{""type"":""volatile_trend"",""label"":""Volatile spend/ROAS trend — signal noisy"",""severity"":""warning""}]"
IwaStore,4367811283503430,Start with,test_more,"Thin data (28d spend $3, 0 purchases, age 5d) — let the creative accumulate signal.",75,commercial_truth,3.5,0,"[{""type"":""low_ctr"",""label"":""Low CTR (0.83% vs account P10 0.94%)"",""severity"":""info""}]"
IwaStore,937889615877203,Glowing lanterns,test_more,"Thin data (28d spend $3, 0 purchases, age 11d) — let the creative accumulate signal.",75,commercial_truth,3.5,0,[]
IwaStore,936568185925788,Timeless Crescent,test_more,"Thin data (28d spend $3, 0 purchases, age 18d) — let the creative accumulate signal.",75,commercial_truth,3.5,0,[]
IwaStore,2026401714945589,A prayer niche,test_more,"Thin data (28d spend $3, 0 purchases, age 12d) — let the creative accumulate signal.",75,commercial_truth,3.5,0,[]
IwaStore,1875473163115275,Beautiful gatherings,test_more,"Thin data (28d spend $2, 0 purchases, age 18d) — let the creative accumulate signal.",75,commercial_truth,3.5,0,[]
IwaStore,1294593585891681,Timeless Crescent,test_more,"Thin data (28d spend $2, 0 purchases, age 41d) — let the creative accumulate signal.",75,commercial_truth,3.5,0,[]
IwaStore,1379001707593645,Gift a sanctuary,test_more,"Thin data (28d spend $2, 0 purchases, age 14d) — let the creative accumulate signal.",75,commercial_truth,3.5,0,[]
IwaStore,942632511988052,Gift a sanctuary,test_more,"Thin data (28d spend $2, 0 purchases, age 27d) — let the creative accumulate signal.",75,commercial_truth,3.5,0,[]
IwaStore,2461627344307336,Beautiful gatherings,test_more,"Thin data (28d spend $2, 0 purchases, age 26d) — let the creative accumulate signal.",75,commercial_truth,3.5,0,[]
IwaStore,26217458397936563,decorista_93,test_more,"Thin data (28d spend $2, 0 purchases, age 3d) — let the creative accumulate signal.",75,commercial_truth,3.5,0,[]
IwaStore,941843838638338,Decorating the,test_more,"Thin data (28d spend $1, 0 purchases, age 27d) — let the creative accumulate signal.",75,commercial_truth,3.5,0,"[{""type"":""low_ctr"",""label"":""Low CTR (0.92% vs account P10 0.94%)"",""severity"":""info""}]"
IwaStore,1715560629433995,A soulful gift,test_more,"Thin data (28d spend $1, 0 purchases, age 39d) — let the creative accumulate signal.",70,commercial_truth,3.5,0,"[{""type"":""volatile_trend"",""label"":""Volatile spend/ROAS trend — signal noisy"",""severity"":""warning""}]"
IwaStore,977493541930191,Beautiful gatherings,test_more,"Thin data (28d spend $1, 0 purchases, age 37d) — let the creative accumulate signal.",75,commercial_truth,3.5,0,[]
IwaStore,1225318442702777,Decorating the,test_more,"Thin data (28d spend $1, 0 purchases, age 40d) — let the creative accumulate signal.",75,commercial_truth,3.5,0,[]
IwaStore,964936183160568,Decorating the,test_more,"Thin data (28d spend $1, 0 purchases, age 18d) — let the creative accumulate signal.",75,commercial_truth,3.5,0,[]
IwaStore,1503170044485677,Glowing lanterns,test_more,"Thin data (28d spend $1, 0 purchases, age 9d) — let the creative accumulate signal.",75,commercial_truth,3.5,0,[]
IwaStore,911903564961526,Decorating the,test_more,"Thin data (28d spend $1, 0 purchases, age 28d) — let the creative accumulate signal.",75,commercial_truth,3.5,0,[]
IwaStore,970526038984760,Our hearts are,out_of_scope,Engine currently supports OUTCOME_SALES only; this creative is OUTCOME_ENGAGEMENT.,60,global_default,2,,[]
IwaStore,2363238150864793,Start with,test_more,"Thin data (28d spend $1, 0 purchases, age 39d) — let the creative accumulate signal.",75,commercial_truth,3.5,0,[]
IwaStore,2736771126679641,Since I hung,diagnose,"Active creative — 0 spend in last 7d, 28d total $1 — check delivery (ad set status, budget, audience size, frequency caps).",65,commercial_truth,3.5,0,[]
IwaStore,802825205720972,A journey toward,test_more,"Thin data (28d spend $1, 0 purchases, age 39d) — let the creative accumulate signal.",75,commercial_truth,3.5,0,[]
IwaStore,905617072477248,Glowing lanterns,test_more,"Thin data (28d spend $1, 0 purchases, age 8d) — let the creative accumulate signal.",75,commercial_truth,3.5,0,[]
IwaStore,1447894557080027,Gift a sanctuary,test_more,"Thin data (28d spend $1, 0 purchases, age 42d) — let the creative accumulate signal.",75,commercial_truth,3.5,0,[]
IwaStore,4020864904715329,Timeless Crescent,test_more,"Thin data (28d spend $1, 0 purchases, age 42d) — let the creative accumulate signal.",75,commercial_truth,3.5,0,"[{""type"":""low_ctr"",""label"":""Low CTR (0.91% vs account P10 0.94%)"",""severity"":""info""}]"
IwaStore,881092554943010,Since I hung,diagnose,"Active creative — 0 spend in last 7d, 28d total $1 — check delivery (ad set status, budget, audience size, frequency caps).",65,commercial_truth,3.5,0,[]
IwaStore,1681449599961309,Gift a sanctuary,test_more,"Thin data (28d spend $0, 0 purchases, age 32d) — let the creative accumulate signal.",75,commercial_truth,3.5,0,[]
IwaStore,1651845599492662,Glowing lanterns,test_more,"Thin data (28d spend $0, 0 purchases, age 28d) — let the creative accumulate signal.",75,commercial_truth,3.5,0,[]
IwaStore,1345880953965537,It became the favorite,test_more,"Thin data (28d spend $0, 0 purchases, age 39d) — let the creative accumulate signal.",75,commercial_truth,3.5,0,[]
IwaStore,1516635529950522,Iconic beauty,test_more,"Thin data (28d spend $0, 0 purchases, age 11d) — let the creative accumulate signal.",75,commercial_truth,3.5,0,[]
IwaStore,744459891804259,mum2boys_style,out_of_scope,Engine currently supports OUTCOME_SALES only; this creative is OUTCOME_ENGAGEMENT.,60,global_default,2,,[]
IwaStore,1964610134172260,Gift a sanctuary,test_more,"Thin data (28d spend $0, 0 purchases, age 41d) — let the creative accumulate signal.",75,commercial_truth,3.5,0,[]
IwaStore,2317482965443311,decorista_93,test_more,"Thin data (28d spend $0, 0 purchases, age 1d) — let the creative accumulate signal.",75,commercial_truth,3.5,0,[]
IwaStore,4337403796547773,Iconic beauty,test_more,"Thin data (28d spend $0, 0 purchases, age 12d) — let the creative accumulate signal.",75,commercial_truth,3.5,0,"[{""type"":""low_ctr"",""label"":""Low CTR (0.00% vs account P10 0.94%)"",""severity"":""info""}]"
IwaStore,955048726939519,Gift a sanctuary,test_more,"Thin data (28d spend $0, 0 purchases, age 11d) — let the creative accumulate signal.",75,commercial_truth,3.5,0,"[{""type"":""low_ctr"",""label"":""Low CTR (0.00% vs account P10 0.94%)"",""severity"":""info""}]"
IwaStore,1281637630090710,A prayer niche,test_more,"Thin data (28d spend $0, 0 purchases, age 6d) — let the creative accumulate signal.",75,commercial_truth,3.5,0,"[{""type"":""low_ctr"",""label"":""Low CTR (0.00% vs account P10 0.94%)"",""severity"":""info""}]"
IwaStore,3174616586071964,Beautiful gatherings,test_more,"Thin data (28d spend $0, 1 purchases, age 9d) — let the creative accumulate signal.",75,commercial_truth,3.5,545.8095238095239,[]
IwaStore,1232574995617489,Beautiful gatherings,test_more,"Thin data (28d spend $0, 0 purchases, age 14d) — let the creative accumulate signal.",75,commercial_truth,3.5,0,"[{""type"":""low_ctr"",""label"":""Low CTR (0.00% vs account P10 0.94%)"",""severity"":""info""}]"
IwaStore,1521625876245401,Timeless Crescent,test_more,"Thin data (28d spend $0, 0 purchases, age 12d) — let the creative accumulate signal.",75,commercial_truth,3.5,0,"[{""type"":""low_ctr"",""label"":""Low CTR (0.00% vs account P10 0.94%)"",""severity"":""info""}]"
IwaStore,768721082956229,Joyful prep,out_of_scope,Engine currently supports OUTCOME_SALES only; this creative is OUTCOME_ENGAGEMENT.,60,global_default,2,,"[{""type"":""low_ctr"",""label"":""Low CTR (0.00% vs account P10 0.94%)"",""severity"":""info""}]"
IwaStore,1108988571313192,Joyful prep,test_more,"Thin data (28d spend $0, 0 purchases, age 83d) — let the creative accumulate signal.",75,commercial_truth,3.5,,[]
IwaStore,1152772363716240,PrayerEssentialsCatalog,test_more,"Thin data (28d spend $0, 0 purchases, age 152d) — let the creative accumulate signal.",75,commercial_truth,3.5,,[]
IwaStore,1174101091379513,"Today, I wondere",out_of_scope,Engine currently supports OUTCOME_SALES only; this creative is OUTCOME_ENGAGEMENT.,60,global_default,2,,[]
IwaStore,1187268629573551,home.ideas.by.g,test_more,"Thin data (28d spend $0, 0 purchases, age 152d) — let the creative accumulate signal.",75,commercial_truth,3.5,,[]
IwaStore,1210176797939494,Ramadan is a journey,test_more,"Thin data (28d spend $0, 0 purchases, age 100d) — let the creative accumulate signal.",75,commercial_truth,3.5,,[]
IwaStore,1229701775820427,Beautiful gatherings,test_more,"Thin data (28d spend $0, 0 purchases, age 38d) — let the creative accumulate signal.",75,commercial_truth,3.5,,[]
IwaStore,1245808820897966,Every day of,test_more,"Thin data (28d spend $0, 0 purchases, age 100d) — let the creative accumulate signal.",75,commercial_truth,3.5,,[]
IwaStore,1254099633501833,Ramadan Mubarak to,test_more,"Thin data (28d spend $0, 0 purchases, age 53d) — let the creative accumulate signal.",75,commercial_truth,3.5,,[]
IwaStore,1258077752901982,Ramadan icons,test_more,"Thin data (28d spend $0, 0 purchases, age 88d) — let the creative accumulate signal.",75,commercial_truth,3.5,,[]
IwaStore,1260515432605551,In each name,test_more,"Thin data (28d spend $0, 0 purchases, age 152d) — let the creative accumulate signal.",75,commercial_truth,3.5,,[]
IwaStore,1267397375341177,Decorating the,test_more,"Thin data (28d spend $0, 0 purchases, age 42d) — let the creative accumulate signal.",75,commercial_truth,3.5,,[]
IwaStore,1267968321823944,Handcarved Wooden Quran Stand,test_more,"Thin data (28d spend $0, 0 purchases, age 101d) — let the creative accumulate signal.",75,commercial_truth,3.5,,[]
IwaStore,1274259351223366,Since I hung,test_more,"Thin data (28d spend $0, 0 purchases, age 74d) — let the creative accumulate signal.",75,commercial_truth,3.5,,[]
IwaStore,1279421147714050,Islamic Art meets,test_more,"Thin data (28d spend $0, 0 purchases, age 96d) — let the creative accumulate signal.",75,commercial_truth,3.5,,[]
IwaStore,1285033533685491,The most beautiful aspect,test_more,"Thin data (28d spend $0, 0 purchases, age 100d) — let the creative accumulate signal.",75,commercial_truth,3.5,,[]
IwaStore,1291080923075614,Ramadan is not,test_more,"Thin data (28d spend $0, 0 purchases, age 100d) — let the creative accumulate signal.",75,commercial_truth,3.5,,[]
IwaStore,1306869714661583,The icons of Ramadan,test_more,"Thin data (28d spend $0, 0 purchases, age 100d) — let the creative accumulate signal.",75,commercial_truth,3.5,,[]
IwaStore,1316066410346411,Welcome the Month of Mercy.,test_more,"Thin data (28d spend $0, 0 purchases, age 64d) — let the creative accumulate signal.",75,commercial_truth,3.5,,[]
IwaStore,1363997685740796,A beauty that,test_more,"Thin data (28d spend $0, 0 purchases, age 109d) — let the creative accumulate signal.",75,commercial_truth,3.5,,[]
IwaStore,1380732339556037,Create a peaceful,test_more,"Thin data (28d spend $0, 0 purchases, age 142d) — let the creative accumulate signal.",75,commercial_truth,3.5,,[]
IwaStore,1381126857396498,Febieyyi,test_more,"Thin data (28d spend $0, 0 purchases, age 63d) — let the creative accumulate signal.",75,commercial_truth,3.5,,[]
IwaStore,1390247452843879,I’m so happy,test_more,"Thin data (28d spend $0, 0 purchases, age 109d) — let the creative accumulate signal.",75,commercial_truth,3.5,,[]
IwaStore,1399628358865278,Introducing the Icon,test_more,"Thin data (28d spend $0, 0 purchases, age 96d) — let the creative accumulate signal.",75,commercial_truth,3.5,,[]
IwaStore,1415597136874013,WallArtCatalog,test_more,"Thin data (28d spend $0, 0 purchases, age 152d) — let the creative accumulate signal.",75,commercial_truth,3.5,,[]
IwaStore,1420001662854587,Looking for,test_more,"Thin data (28d spend $0, 0 purchases, age 88d) — let the creative accumulate signal.",75,commercial_truth,3.5,,[]
IwaStore,1420292239582967,PrayerEssentialsCatalog,test_more,"Thin data (28d spend $0, 0 purchases, age 150d) — let the creative accumulate signal.",75,commercial_truth,3.5,,[]
IwaStore,1421938756341892,The best Ramadan,test_more,"Thin data (28d spend $0, 0 purchases, age 88d) — let the creative accumulate signal.",75,commercial_truth,3.5,,[]
IwaStore,1441508093985788,decorista_93,test_more,"Thin data (28d spend $0, 0 purchases, age 100d) — let the creative accumulate signal.",75,commercial_truth,3.5,,[]
IwaStore,1451016560144595,During the blessed,test_more,"Thin data (28d spend $0, 0 purchases, age 76d) — let the creative accumulate signal.",75,commercial_truth,3.5,,[]
IwaStore,1461939045570682,dreamhome_decor_,test_more,"Thin data (28d spend $0, 0 purchases, age 99d) — let the creative accumulate signal.",75,commercial_truth,3.5,,[]
IwaStore,1478648087218103,The heart of,test_more,"Thin data (28d spend $0, 0 purchases, age 71d) — let the creative accumulate signal.",75,commercial_truth,3.5,,[]
IwaStore,1485388919877913,Ramadan atmosphere,test_more,"Thin data (28d spend $0, 0 purchases, age 57d) — let the creative accumulate signal.",75,commercial_truth,3.5,,[]
IwaStore,1497226854678204,I wanted to,test_more,"Thin data (28d spend $0, 0 purchases, age 110d) — let the creative accumulate signal.",75,commercial_truth,3.5,,[]
IwaStore,1499049165188360,Wishing you,test_more,"Thin data (28d spend $0, 0 purchases, age 74d) — let the creative accumulate signal.",75,commercial_truth,3.5,,[]
IwaStore,1505034883943851,Werbung | Dieses,test_more,"Thin data (28d spend $0, 0 purchases, age 152d) — let the creative accumulate signal.",75,commercial_truth,3.5,,[]
IwaStore,1508870986854224,I’m so happy,test_more,"Thin data (28d spend $0, 0 purchases, age 108d) — let the creative accumulate signal.",75,commercial_truth,3.5,,[]
IwaStore,1521274856032180,The icons,test_more,"Thin data (28d spend $0, 0 purchases, age 89d) — let the creative accumulate signal.",75,commercial_truth,3.5,,[]
IwaStore,1544720436813990,We really wanted,test_more,"Thin data (28d spend $0, 0 purchases, age 109d) — let the creative accumulate signal.",75,commercial_truth,3.5,,[]
IwaStore,1546232639847154,HomeDekorCatalog,test_more,"Thin data (28d spend $0, 0 purchases, age 128d) — let the creative accumulate signal.",75,commercial_truth,3.5,,[]
IwaStore,1549757812971880,Febieyyi,test_more,"Thin data (28d spend $0, 0 purchases, age 152d) — let the creative accumulate signal.",75,commercial_truth,3.5,,[]
IwaStore,1552139042742757,A prayer rug,test_more,"Thin data (28d spend $0, 0 purchases, age 152d) — let the creative accumulate signal.",75,commercial_truth,3.5,,[]
IwaStore,1565490974475285,AyetelKursi,test_more,"Thin data (28d spend $0, 0 purchases, age 152d) — let the creative accumulate signal.",75,commercial_truth,3.5,,[]
IwaStore,1583374949347322,dreamhome_decor_,test_more,"Thin data (28d spend $0, 0 purchases, age 128d) — let the creative accumulate signal.",75,commercial_truth,3.5,,[]
IwaStore,1589504165668303,"Beyond the art,",test_more,"Thin data (28d spend $0, 0 purchases, age 100d) — let the creative accumulate signal.",75,commercial_truth,3.5,,[]
IwaStore,1610133396671314,Create a peaceful,test_more,"Thin data (28d spend $0, 0 purchases, age 68d) — let the creative accumulate signal.",75,commercial_truth,3.5,,[]
IwaStore,1611671826673359,maryamlina2,test_more,"Thin data (28d spend $0, 0 purchases, age 152d) — let the creative accumulate signal.",75,commercial_truth,3.5,,[]
IwaStore,1629814365125616,How do you bring,test_more,"Thin data (28d spend $0, 0 purchases, age 96d) — let the creative accumulate signal.",75,commercial_truth,3.5,,[]
IwaStore,1637241607462226,Welcome the Month,test_more,"Thin data (28d spend $0, 0 purchases, age 71d) — let the creative accumulate signal.",75,commercial_truth,3.5,,[]
IwaStore,1638613883778348,The tulip figure,test_more,"Thin data (28d spend $0, 0 purchases, age 148d) — let the creative accumulate signal.",75,commercial_truth,3.5,,[]
IwaStore,1638859947553395,Our Islamic wall arts,test_more,"Thin data (28d spend $0, 0 purchases, age 109d) — let the creative accumulate signal.",75,commercial_truth,3.5,,[]
IwaStore,1653400666075557,WoodenWallArtCatalog,test_more,"Thin data (28d spend $0, 0 purchases, age 97d) — let the creative accumulate signal.",75,commercial_truth,3.5,,[]
IwaStore,1658715925116254,I've been looking,test_more,"Thin data (28d spend $0, 0 purchases, age 68d) — let the creative accumulate signal.",75,commercial_truth,3.5,,[]
IwaStore,1707651810602474,WallArtCatalog,test_more,"Thin data (28d spend $0, 0 purchases, age 95d) — let the creative accumulate signal.",75,commercial_truth,3.5,,[]
IwaStore,1732872731454703,Glowing lanterns,test_more,"Thin data (28d spend $0, 0 purchases, age 42d) — let the creative accumulate signal.",75,commercial_truth,3.5,,[]
IwaStore,1810134729668521,adamiclts_official,test_more,"Thin data (28d spend $0, 0 purchases, age 143d) — let the creative accumulate signal.",75,commercial_truth,3.5,,[]
IwaStore,1810980189584804,Love our new,test_more,"Thin data (28d spend $0, 0 purchases, age 68d) — let the creative accumulate signal.",75,commercial_truth,3.5,,[]
IwaStore,1843282846320344,Modern glow,test_more,"Thin data (28d spend $0, 0 purchases, age 83d) — let the creative accumulate signal.",75,commercial_truth,3.5,,[]
IwaStore,1892096131430368,Ramadan vibes,test_more,"Thin data (28d spend $0, 0 purchases, age 69d) — let the creative accumulate signal.",75,commercial_truth,3.5,,[]
IwaStore,1910088819860100,Every step is,out_of_scope,Engine currently supports OUTCOME_SALES only; this creative is OUTCOME_ENGAGEMENT.,60,global_default,2,,[]
IwaStore,1923663745022987,Every detail,test_more,"Thin data (28d spend $0, 0 purchases, age 100d) — let the creative accumulate signal.",75,commercial_truth,3.5,,[]
IwaStore,1942068549674644,AyetelKursi,test_more,"Thin data (28d spend $0, 0 purchases, age 42d) — let the creative accumulate signal.",75,commercial_truth,3.5,,[]
IwaStore,1958749405071738,manissa_style_,test_more,"Thin data (28d spend $0, 0 purchases, age 146d) — let the creative accumulate signal.",75,commercial_truth,3.5,,[]
IwaStore,1966392727635950,Sharing my,test_more,"Thin data (28d spend $0, 0 purchases, age 68d) — let the creative accumulate signal.",75,commercial_truth,3.5,,[]
IwaStore,1983477039270662,Catalog New Collection,test_more,"Thin data (28d spend $0, 0 purchases, age 42d) — let the creative accumulate signal.",75,commercial_truth,3.5,,[]
IwaStore,1993168674610358,A meaningful,test_more,"Thin data (28d spend $0, 0 purchases, age 68d) — let the creative accumulate signal.",75,commercial_truth,3.5,,[]
IwaStore,1994450868144789,WallArtCatalog,test_more,"Thin data (28d spend $0, 0 purchases, age 42d) — let the creative accumulate signal.",75,commercial_truth,3.5,,[]
IwaStore,2007806499786597,fatinalkhorsan,test_more,"Thin data (28d spend $0, 0 purchases, age 69d) — let the creative accumulate signal.",75,commercial_truth,3.5,,[]
IwaStore,2055517654989825,Every detail,test_more,"Thin data (28d spend $0, 0 purchases, age 88d) — let the creative accumulate signal.",75,commercial_truth,3.5,,[]
IwaStore,2063946457519149,Ramadan Table,test_more,"Thin data (28d spend $0, 0 purchases, age 90d) — let the creative accumulate signal.",75,commercial_truth,3.5,,[]
IwaStore,2074532840015861,Col_Lüks,test_more,"Thin data (28d spend $0, 0 purchases, age 152d) — let the creative accumulate signal.",75,commercial_truth,3.5,,[]
IwaStore,2087738235395093,Handcarved Wooden Quran Stand,test_more,"Thin data (28d spend $0, 0 purchases, age 109d) — let the creative accumulate signal.",75,commercial_truth,3.5,,[]
IwaStore,2088353061897733,I wanted to,test_more,"Thin data (28d spend $0, 0 purchases, age 108d) — let the creative accumulate signal.",75,commercial_truth,3.5,,[]
IwaStore,2163118297762622,"""The heart finds peace",test_more,"Thin data (28d spend $0, 0 purchases, age 100d) — let the creative accumulate signal.",75,commercial_truth,3.5,,[]
IwaStore,2282866482177311,A prayer rug,test_more,"Thin data (28d spend $0, 0 purchases, age 146d) — let the creative accumulate signal.",75,commercial_truth,3.5,,[]
IwaStore,2338614736653076,home.ideas.by.g,test_more,"Thin data (28d spend $0, 0 purchases, age 66d) — let the creative accumulate signal.",75,commercial_truth,3.5,,[]
IwaStore,26185695711047396,Catalog New Collection,test_more,"Thin data (28d spend $0, 0 purchases, age 100d) — let the creative accumulate signal.",75,commercial_truth,3.5,,[]
IwaStore,2630076937378009,nina_deko_germany,test_more,"Thin data (28d spend $0, 0 purchases, age 82d) — let the creative accumulate signal.",75,commercial_truth,3.5,,[]
IwaStore,2643673689366512,Ramadan Table Setting,test_more,"Thin data (28d spend $0, 0 purchases, age 100d) — let the creative accumulate signal.",75,commercial_truth,3.5,,[]
IwaStore,2694777867587684,The manufacturer,test_more,"Thin data (28d spend $0, 0 purchases, age 68d) — let the creative accumulate signal.",75,commercial_truth,3.5,,[]
IwaStore,2997554830439282,I set up my,test_more,"Thin data (28d spend $0, 0 purchases, age 71d) — let the creative accumulate signal.",75,commercial_truth,3.5,,[]
IwaStore,3004310569755683,adamiclts_official,test_more,"Thin data (28d spend $0, 0 purchases, age 152d) — let the creative accumulate signal.",75,commercial_truth,3.5,,[]
IwaStore,3448580568625260,A misbaha,test_more,"Thin data (28d spend $0, 0 purchases, age 91d) — let the creative accumulate signal.",75,commercial_truth,3.5,,[]
IwaStore,4091126347819390,Islamic Gift Set,test_more,"Thin data (28d spend $0, 0 purchases, age 113d) — let the creative accumulate signal.",75,commercial_truth,3.5,,[]
IwaStore,4204020769858966,The most,test_more,"Thin data (28d spend $0, 0 purchases, age 74d) — let the creative accumulate signal.",75,commercial_truth,3.5,,[]
IwaStore,4209107642671482,The countdown,test_more,"Thin data (28d spend $0, 0 purchases, age 90d) — let the creative accumulate signal.",75,commercial_truth,3.5,,[]
IwaStore,4323651824628064,Febieyyi,test_more,"Thin data (28d spend $0, 0 purchases, age 151d) — let the creative accumulate signal.",75,commercial_truth,3.5,,[]
IwaStore,4806411022903715,The tulip figure,test_more,"Thin data (28d spend $0, 0 purchases, age 152d) — let the creative accumulate signal.",75,commercial_truth,3.5,,[]
IwaStore,717908704336015,Werbung | Dieses,test_more,"Thin data (28d spend $0, 0 purchases, age 137d) — let the creative accumulate signal.",75,commercial_truth,3.5,,[]
IwaStore,740465072415173,Islamic Gift Set,test_more,"Thin data (28d spend $0, 0 purchases, age 147d) — let the creative accumulate signal.",75,commercial_truth,3.5,,[]
IwaStore,772963139203747,rehabreshid,test_more,"Thin data (28d spend $0, 0 purchases, age 57d) — let the creative accumulate signal.",75,commercial_truth,3.5,,[]
IwaStore,790113510466909,Febieyyi,out_of_scope,Engine currently supports OUTCOME_SALES only; this creative is OUTCOME_ENGAGEMENT.,60,global_default,2,,[]
IwaStore,791588366682476,Ramadan Mubarak,test_more,"Thin data (28d spend $0, 0 purchases, age 91d) — let the creative accumulate signal.",75,commercial_truth,3.5,,[]
IwaStore,800452073102997,Catalog New Collection,test_more,"Thin data (28d spend $0, 0 purchases, age 41d) — let the creative accumulate signal.",75,commercial_truth,3.5,,[]
IwaStore,803591642682997,nan__stilvoll,test_more,"Thin data (28d spend $0, 0 purchases, age 152d) — let the creative accumulate signal.",75,commercial_truth,3.5,,[]
IwaStore,808825714924088,The Ramadan atmosphere,test_more,"Thin data (28d spend $0, 0 purchases, age 57d) — let the creative accumulate signal.",75,commercial_truth,3.5,,[]
IwaStore,808861955537783,Col_Lüks,test_more,"Thin data (28d spend $0, 0 purchases, age 146d) — let the creative accumulate signal.",75,commercial_truth,3.5,,[]
IwaStore,815217704890781,We really wanted,test_more,"Thin data (28d spend $0, 0 purchases, age 105d) — let the creative accumulate signal.",75,commercial_truth,3.5,,[]
IwaStore,821066067358820,muhamed_model,test_more,"Thin data (28d spend $0, 0 purchases, age 152d) — let the creative accumulate signal.",75,commercial_truth,3.5,,[]
IwaStore,835420196015770,WoodenWallArtCatalog,test_more,"Thin data (28d spend $0, 0 purchases, age 151d) — let the creative accumulate signal.",75,commercial_truth,3.5,,[]
IwaStore,851915134283469,Werbung | Dieses,test_more,"Thin data (28d spend $0, 0 purchases, age 151d) — let the creative accumulate signal.",75,commercial_truth,3.5,,[]
IwaStore,858123940376328,manissa_style_,test_more,"Thin data (28d spend $0, 0 purchases, age 152d) — let the creative accumulate signal.",75,commercial_truth,3.5,,[]
IwaStore,859026656984146,Islamic Gift Set,test_more,"Thin data (28d spend $0, 0 purchases, age 152d) — let the creative accumulate signal.",75,commercial_truth,3.5,,[]
IwaStore,860941630069955,WoodenWallArtCatalog,test_more,"Thin data (28d spend $0, 0 purchases, age 62d) — let the creative accumulate signal.",75,commercial_truth,3.5,,[]
IwaStore,864433453231079,rim.official__,test_more,"Thin data (28d spend $0, 0 purchases, age 152d) — let the creative accumulate signal.",75,commercial_truth,3.5,,[]
IwaStore,865003349562044,muhamed_model,test_more,"Thin data (28d spend $0, 0 purchases, age 135d) — let the creative accumulate signal.",75,commercial_truth,3.5,,[]
IwaStore,874025628686929,A beauty that,test_more,"Thin data (28d spend $0, 0 purchases, age 98d) — let the creative accumulate signal.",75,commercial_truth,3.5,,[]
IwaStore,878841184914769,Ramadan is no,out_of_scope,Engine currently supports OUTCOME_SALES only; this creative is OUTCOME_ENGAGEMENT.,60,global_default,2,,[]
IwaStore,888972774130689,Welcome the Month,test_more,"Thin data (28d spend $0, 0 purchases, age 83d) — let the creative accumulate signal.",75,commercial_truth,3.5,,[]
IwaStore,890269537171327,Welcome the holy month!,test_more,"Thin data (28d spend $0, 0 purchases, age 89d) — let the creative accumulate signal.",75,commercial_truth,3.5,,[]
IwaStore,895355630144513,Besmele,test_more,"Thin data (28d spend $0, 0 purchases, age 100d) — let the creative accumulate signal.",75,commercial_truth,3.5,,[]
IwaStore,910167448267928,Ramadan is,test_more,"Thin data (28d spend $0, 0 purchases, age 100d) — let the creative accumulate signal.",75,commercial_truth,3.5,,[]
IwaStore,917030754068031,Ramadan is a journey,test_more,"Thin data (28d spend $0, 0 purchases, age 89d) — let the creative accumulate signal.",75,commercial_truth,3.5,,[]
IwaStore,918168598044379,fatinalkhorsan,test_more,"Thin data (28d spend $0, 0 purchases, age 152d) — let the creative accumulate signal.",75,commercial_truth,3.5,,[]
IwaStore,920728163867236,The Crescent has risen.,test_more,"Thin data (28d spend $0, 0 purchases, age 100d) — let the creative accumulate signal.",75,commercial_truth,3.5,,[]
IwaStore,936280282392431,Start every,test_more,"Thin data (28d spend $0, 0 purchases, age 91d) — let the creative accumulate signal.",75,commercial_truth,3.5,,[]
IwaStore,939988251710709,Our hearts are,test_more,"Thin data (28d spend $0, 0 purchases, age 61d) — let the creative accumulate signal.",75,commercial_truth,3.5,,[]
IwaStore,940451935215814,Ramadan is around,test_more,"Thin data (28d spend $0, 0 purchases, age 100d) — let the creative accumulate signal.",75,commercial_truth,3.5,,[]
IwaStore,957288759961114,In each name,test_more,"Thin data (28d spend $0, 0 purchases, age 68d) — let the creative accumulate signal.",75,commercial_truth,3.5,,[]
