business,creative_id,creative_name,bucket,spend_lifetime,spend_28d,purchases_28d,roas_28d,target_roas,v3,me,marcus,lin,aria,agreement_count,unique_labels,consensus_label,v3_reason,me_reason
TheSwaf,1370381998117941,Advantage+ catalog ad,closed_30d,31942.55,145.44,1.00,1.2159,2.20,test_more,refresh,refresh,keep,refresh,3.00,3.00,refresh,"Thin data (28d spend $145, 1 purchases, age 212d) — let the creative accumulate signal.","Closed past peak (insufficient_history, fatigue=watch), $31943 lifetime ROAS 1.92 (0.87× target) — concept iyiydi, fresh angle ile yeniden test."
TheSwaf,1347969233807910,EMB - CatalogAd,active,10175.42,9963.40,73.00,1.3732,2.20,keep,cut,cut,cut,cut,4.00,2.00,cut,"[demote candidate] ROAS 1.37 (28d) = 62% of target — above account bottom quartile (52%) but below breakeven (1.71 = 78% of target) at $9,963 mature spend — consider demote to test placement or refresh creative concept.","$9963 olgun + ROAS 1.37 (0.62× target hedefin altında) + recovery yok — kes, daha agresif placement'lara para git."
TheSwaf,1521071976374724,EmB - Catalog Ad,active,9024.89,8824.21,61.00,1.3108,2.20,keep,cut,cut,cut,cut,4.00,2.00,cut,"[demote candidate] ROAS 1.31 (28d) = 60% of target — above account bottom quartile (52%) but below breakeven (1.71 = 78% of target) at $8,824 mature spend — consider demote to test placement or refresh creative concept.","$8824 28g (≥1.5× mature) + ROAS 1.31 (0.60× target) + 7g toparlanma yok — olgun kayıp, kes."
TheSwaf,736272486128828,AllRings,closed_30d,2589.10,38.79,0.00,0.0000,2.20,test_more,cut,cut,keep,keep,2.00,3.00,no_consensus,"Thin data (28d spend $39, 0 purchases, age 216d) — let the creative accumulate signal.","Closed: $2589 + ROAS 1.62 (0.74× target) — olgun ve hedef altı, retro-cut onaylı."
TheSwaf,1851364679152359,AllRings,closed_30d,2319.48,0.00,0.00,,2.20,test_more,diagnose,keep,keep,keep,3.00,3.00,keep,"Thin data (28d spend $0, 0 purchases, age 207d) — let the creative accumulate signal.","Closed: ROAS 2.10 (0.95× hedefin altında ama yakın), $2319 — kapanma kararı tartışmalı, daha çok süre verilebilirdi."
TheSwaf,2804457086560981,wearthefearrevise,active,2293.22,2240.92,10.00,0.8885,2.20,cut,cut,cut,test_more,cut,4.00,2.00,cut,"ROAS 0.89 (28d) = 40% of target after $2,241 spend (28d) — clear loser at scale.","$2241 28g (≥1.5× mature) + ROAS 0.89 (0.40× target) + 7g toparlanma yok — olgun kayıp, kes."
IwaStore,2240450456794543,Catalog New Collection,active,1896.13,1841.60,44.00,3.4288,3.50,keep,keep,refresh,keep,scale,3.00,3.00,keep,"[at target] ROAS 3.43 (28d) at/around target 3.50 (98%) — stable, let it run; fatigue watch — monitor for refresh signal.","$1842 olgun + ROAS 3.43 (0.98× target) — hedef civarı stabil, dramatik tetik yok."
IwaStore,2729900394016654,WallArtCatalog,closed_30d,1805.46,864.60,21.00,3.9251,3.50,keep,diagnose,refresh,scale,diagnose,2.00,4.00,no_consensus,"[at target] ROAS 3.93 (28d) at/around target 3.50 (112%) — stable, let it run; fatigue watch — monitor for refresh signal; lifecycle: past_peak_unclear — operator review recommended","Closed: ROAS 4.55 (1.30× target) + 49 sipariş — kapatma sebebi veriden anlaşılmıyor, manuel review."
TheSwaf,1960236391551172,aura,active,1788.28,1763.43,17.00,1.9209,2.20,keep,keep,refresh,keep,refresh,3.00,2.00,keep,[weak target] ROAS 1.92 (28d) just above breakeven (87% of target) — keep observing; consider tightening if recent 7d weakens.,"$1763 olgun + ROAS 1.92 (0.87× target) — hedef civarı stabil, dramatik tetik yok."
TheSwaf,967749279083373,protection,active,1620.52,1596.12,14.00,2.0211,2.20,keep,keep,refresh,keep,refresh,3.00,2.00,keep,[weak target] ROAS 2.02 (28d) just above breakeven (92% of target) — keep observing; consider tightening if recent 7d weakens.,"$1596 olgun + ROAS 2.02 (0.92× target) — hedef civarı stabil, dramatik tetik yok."
TheSwaf,951995590658338,aphrodite,active,1471.75,1439.01,13.00,1.7875,2.20,keep,keep,refresh,keep,scale,3.00,3.00,keep,"[weak zone] ROAS 1.79 (28d) = 81% of target — below target but in working zone, no aggressive action; revisit if ROAS drifts further.","$1439 olgun + ROAS 1.79 (0.81× target) — hedef civarı stabil, dramatik tetik yok."
TheSwaf,1561834608247242,fatal,active,1215.76,1179.54,7.00,1.3368,2.20,keep,cut,cut,test_more,cut,3.00,3.00,cut,"[demote candidate] ROAS 1.34 (28d) = 61% of target — above account bottom quartile (52%) but below breakeven (1.71 = 78% of target) at $1,180 mature spend — consider demote to test placement or refresh creative concept.","$1180 olgun + ROAS 1.34 (0.61× target hedefin altında) + recovery yok — kes, daha agresif placement'lara para git."
IwaStore,1976762379605003,WallArtCatalog,active,1046.67,1027.66,15.00,2.5965,3.50,keep,cut,cut,keep,refresh,2.00,3.00,no_consensus,"[demote candidate] ROAS 2.60 (28d) = 74% of target — above account bottom quartile (58%) but below breakeven (2.70 = 77% of target) at $1,028 mature spend — consider demote to test placement or refresh creative concept.","$1028 olgun + ROAS 2.60 (0.74× target hedefin altında) + recovery yok — kes, daha agresif placement'lara para git."
IwaStore,917280764555370,WoodenWallArtCatalog,closed_30d,994.48,488.17,11.00,3.0717,3.50,keep,diagnose,scale,keep,diagnose,2.00,3.00,no_consensus,[weak target] ROAS 3.07 (28d) just above breakeven (88% of target) — keep observing; consider tightening if recent 7d weakens; fatigue watch — monitor for refresh signal.,"Closed: ROAS 6.48 (1.85× target) + 39 sipariş — kapatma sebebi veriden anlaşılmıyor, manuel review."
IwaStore,1610875453601663,A misbaha,closed_30d,958.06,643.83,14.00,3.3034,3.50,keep,diagnose,refresh,keep,diagnose,2.00,3.00,no_consensus,[weak target] ROAS 3.30 (28d) just above breakeven (94% of target) — keep observing; consider tightening if recent 7d weakens; fatigue watch — monitor for refresh signal.,"Closed: ROAS 4.05 (1.16× target) + 22 sipariş — kapatma sebebi veriden anlaşılmıyor, manuel review."
IwaStore,712308491893470,julia_julia386,closed_30d,837.26,279.60,0.00,0.0000,3.50,out_of_scope,diagnose,cut,test_more,cut,2.00,3.00,cut,Engine currently supports OUTCOME_SALES only; this creative is OUTCOME_ENGAGEMENT.,"$280 28g harcama + 167.21% CTR ama 0 sipariş — clicks geliyor ama dönüş yok. Tracking veya site/checkout sorunu, kreatifi tek başına suçlama."
IwaStore,2766311733731448,Transforming a house,closed_30d,803.81,375.05,11.00,14.5268,3.50,keep,diagnose,scale,keep,diagnose,2.00,3.00,no_consensus,[near scale] ROAS 14.53 (28d) above target (415%) — recent 7d ROAS missing; observe.,"Funnel weak stage = checkout, creative_responsibility 0.00 (düşük) — kreatif değil site/checkout sorunu, $375'da kapatma kararı kreatif düzeltmez."
TheSwaf,3357963294352238,ReligiousNecklaceFlex,closed_30d,767.48,6.28,0.00,0.0000,2.20,test_more,cut,cut,test_more,cut,3.00,2.00,cut,"Thin data (28d spend $6, 0 purchases, age 216d) — let the creative accumulate signal.","Closed: $767 lifetime + ROAS 0.48 (0.22× target) — olgun kayıp, doğru kapatma."
TheSwaf,841424642307232,EMB - CatalogAd,active,737.11,620.22,2.00,0.5821,2.20,cut,test_more,cut,test_more,cut,3.00,2.00,cut,ROAS 0.58 (28d) = 26% of target after $620 spend (28d) — clear loser at scale.,"$620 28g + 2 sipariş — purchase sample çok küçük, sinyal güvenilmez."
IwaStore,1588942188879607,WoodenWallArtCatalog,active,670.85,5.11,1.00,31.2818,3.50,test_more,test_more,keep,test_more,scale,3.00,3.00,test_more,"Thin data (28d spend $5, 1 purchases, age 457d) — let the creative accumulate signal.","$5 28g harcama (3×CPA eşiği $173'ın altında) — sample henüz yeterli değil, devam ettir izle."
IwaStore,1597946391493220,WoodenWallArtCatalog,active,658.16,650.60,20.00,4.4699,3.50,keep,keep,scale,keep,scale,3.00,2.00,keep,[near scale] ROAS 4.47 (28d) approaching scale threshold (128%) — needs $173+ spend or 8+ purchases for full scale.,"$651 olgun + ROAS 4.47 (1.28× target) — hedef civarı stabil, dramatik tetik yok."
TheSwaf,941030035300398,biterevise,active,607.63,593.05,8.00,3.5548,2.20,keep,keep,scale,keep,scale,3.00,2.00,keep,[near scale] ROAS 3.55 (28d) above target (162%) — recent 7d ROAS 0.00 below target 2.20; observe.,"28g winner: $593 + 8 sipariş + ROAS 3.55 (1.62× target), ama 7g zayıflık (spend $71 ROAS 0.00) — scale öncesi bir hafta daha izle."
TheSwaf,2731945777166108,depth,closed_30d,587.18,587.18,2.00,0.6284,2.20,cut,cut,cut,test_more,cut,4.00,2.00,cut,ROAS 0.63 (28d) = 29% of target after $587 spend (28d) — clear loser at scale.,"Closed: $587 lifetime + ROAS 0.63 (0.29× target) — olgun kayıp, doğru kapatma."
IwaStore,1420674099804622,Every beautiful,closed_30d,553.75,372.31,5.00,1.4936,3.50,cut,cut,keep,test_more,cut,3.00,3.00,cut,ROAS 1.49 (28d) = 43% of target after $372 spend (28d) — clear loser at scale.,"Closed: $554 + ROAS 2.19 (0.63× target) — olgun ve hedef altı, retro-cut onaylı."
TheSwaf,1250889117025589,restraintrevise,active,519.55,504.32,7.00,4.1756,2.20,scale,scale,scale,keep,scale,4.00,2.00,scale,ROAS 4.18 (28d) = 190% of target 2.20 with 7 purchases (28d) and recent 7d holding at 3.90 — scale the ad set budget.,"$504 olgun + 7 sipariş + 28g ROAS 4.18 (1.90× target) + 7g 3.90 (1.77×), fatigue=watch — winner, scale."
TheSwaf,1344068397554957,EMB - AllRings,active,517.38,498.16,4.00,1.4537,2.20,keep,cut,refresh,test_more,refresh,2.00,4.00,no_consensus,[demote candidate] ROAS 1.45 (28d) = 66% of target — above account bottom quartile (52%) but below breakeven (1.71 = 78% of target) at $498 mature spend — consider demote to test placement or refresh creative concept.,"$498 olgun + ROAS 1.45 (0.66× target hedefin altında) + recovery yok — kes, daha agresif placement'lara para git."
IwaStore,811959778633363,New 2026 Collection,closed_30d,497.72,369.23,11.00,3.3825,3.50,keep,refresh,refresh,keep,refresh,3.00,2.00,refresh,"[at target] ROAS 3.38 (28d) at/around target 3.50 (97%) — stable, let it run; fatigue watch — monitor for refresh signal; lifecycle: past_peak_unclear — operator review recommended","Closed past peak (past_peak_unclear, fatigue=watch), $498 lifetime ROAS 2.96 (0.85× target) — concept iyiydi, fresh angle ile yeniden test."
IwaStore,966762982363817,decorista_93,closed_30d,465.22,377.21,14.00,6.3443,3.50,keep,diagnose,scale,keep,diagnose,2.00,3.00,no_consensus,[near scale] ROAS 6.34 (28d) above target (181%) — recent 7d ROAS 3.16 below target 3.50; observe.,"Closed: ROAS 7.92 (2.26× target) + 21 sipariş — kapatma sebebi veriden anlaşılmıyor, manuel review."
IwaStore,744459891804259,mum2boys_style,closed_30d,440.86,0.23,0.00,0.0000,3.50,out_of_scope,cut,cut,test_more,cut,3.00,2.00,cut,Engine currently supports OUTCOME_SALES only; this creative is OUTCOME_ENGAGEMENT.,"Closed: $441 lifetime + ROAS 0.24 (0.07× target) — olgun kayıp, doğru kapatma."
TheSwaf,930269923096296,begintodeath,active,398.07,389.62,2.00,2.0148,2.20,test_more,test_more,refresh,test_more,refresh,3.00,2.00,test_more,"Thin data (28d spend $390, 2 purchases, age 26d) — let the creative accumulate signal.","$390 28g + 2 sipariş — purchase sample çok küçük, sinyal güvenilmez."
TheSwaf,1383902269751310,TargeryenFlex,closed_30d,397.03,5.97,0.00,0.0000,2.20,test_more,cut,cut,test_more,cut,3.00,2.00,cut,"Thin data (28d spend $6, 0 purchases, age 211d) — let the creative accumulate signal.","Closed: $397 lifetime + ROAS 0.46 (0.21× target) — olgun kayıp, doğru kapatma."
TheSwaf,1425547512680542,ancientegypt,closed_30d,377.85,377.85,2.00,0.6352,2.20,test_more,cut,cut,test_more,cut,3.00,2.00,cut,"Thin data (28d spend $378, 2 purchases, age 26d) — let the creative accumulate signal.","Closed: $378 lifetime + ROAS 0.64 (0.29× target) — olgun kayıp, doğru kapatma."
TheSwaf,974060018521285,death,active,373.83,371.18,3.00,1.4009,2.20,test_more,cut,keep,test_more,cut,2.00,3.00,no_consensus,"Thin data (28d spend $371, 3 purchases, age 26d) — let the creative accumulate signal.","$371 olgun + ROAS 1.40 (0.64× target hedefin altında) + recovery yok — kes, daha agresif placement'lara para git."
IwaStore,970526038984760,Our hearts are,closed_30d,363.52,0.95,0.00,0.0000,3.50,out_of_scope,cut,cut,test_more,cut,3.00,2.00,cut,Engine currently supports OUTCOME_SALES only; this creative is OUTCOME_ENGAGEMENT.,"Closed: $364 lifetime + ROAS 0.00 (0.00× target) — olgun kayıp, doğru kapatma."
TheSwaf,1142325247324026,TargeryenFlex,closed_30d,349.89,0.19,1.00,1085.5263,2.20,test_more,cut,scale,keep,diagnose,1.00,5.00,no_consensus,"Thin data (28d spend $0, 1 purchases, age 215d) — let the creative accumulate signal.","Closed: $350 + ROAS 2.22 (1.01× target) — olgun ve hedef altı, retro-cut onaylı."
IwaStore,930886633134159,A prayer niche,closed_30d,341.72,116.35,2.00,3.2574,3.50,test_more,diagnose,refresh,keep,diagnose,2.00,4.00,no_consensus,"Thin data (28d spend $116, 2 purchases, age 42d) — let the creative accumulate signal.","Closed: ROAS 3.67 (1.05× target) + 9 sipariş — kapatma sebebi veriden anlaşılmıyor, manuel review."
IwaStore,1655577498670460,Since I hung,active,341.53,323.07,3.00,0.8743,3.50,cut,cut,cut,test_more,cut,4.00,2.00,cut,Severe loser at scale: ROAS 0.87 = 25% of target on $323 (28d) — spend exceeded hard-cut threshold $289 and ratio is below severe-loser zone (39%); decisive cut despite young age / thin sample.,"$323 28g (≥1.5× mature) + ROAS 0.87 (0.25× target) + 7g toparlanma yok — olgun kayıp, kes."
TheSwaf,2195229177681668,angelNdevill,active,341.08,341.08,2.00,1.0965,2.20,test_more,test_more,cut,test_more,cut,3.00,2.00,test_more,"Thin data (28d spend $341, 2 purchases, age 26d) — let the creative accumulate signal.","$341 28g + 2 sipariş — purchase sample çok küçük, sinyal güvenilmez."
IwaStore,768721082956229,Joyful prep,closed_30d,341.01,0.01,0.00,0.0000,3.50,out_of_scope,cut,cut,test_more,cut,3.00,2.00,cut,Engine currently supports OUTCOME_SALES only; this creative is OUTCOME_ENGAGEMENT.,"Closed: $341 lifetime + ROAS 0.47 (0.13× target) — olgun kayıp, doğru kapatma."
IwaStore,2195290934643087,Transforming a house,active,340.52,333.26,11.00,5.4091,3.50,keep,keep,scale,keep,scale,3.00,2.00,keep,[near scale] ROAS 5.41 (28d) above target (155%) — recent 7d ROAS 1.77 below target 3.50; observe.,"28g winner: $333 + 11 sipariş + ROAS 5.41 (1.55× target), ama 7g zayıflık (spend $92 ROAS 1.77) — scale öncesi bir hafta daha izle."
IwaStore,1585735605840392,Since I hung,closed_30d,329.85,127.82,2.00,2.2998,3.50,test_more,diagnose,refresh,keep,refresh,2.00,4.00,no_consensus,"Thin data (28d spend $128, 2 purchases, age 42d) — let the creative accumulate signal.","Funnel weak stage = checkout, creative_responsibility 0.00 (düşük) — kreatif değil site/checkout sorunu, $128'da kapatma kararı kreatif düzeltmez."
TheSwaf,935580372698767,faith,closed_30d,324.83,324.83,1.00,0.3848,2.20,cut,cut,cut,test_more,cut,4.00,2.00,cut,Severe loser at scale: ROAS 0.38 = 17% of target on $325 (28d) — spend exceeded hard-cut threshold $281 and ratio is below severe-loser zone (28%); decisive cut despite young age / thin sample.,"Closed: $325 lifetime + ROAS 0.38 (0.17× target) — olgun kayıp, doğru kapatma."
TheSwaf,1133995451493304,MedusaFlex,closed_30d,305.00,2.65,0.00,0.0000,2.20,test_more,cut,keep,keep,keep,3.00,3.00,keep,"Thin data (28d spend $3, 0 purchases, age 216d) — let the creative accumulate signal.","Closed: $305 + ROAS 1.69 (0.77× target) — olgun ve hedef altı, retro-cut onaylı."
IwaStore,1284552599771657,WoodenWallArtCatalog,closed_30d,251.10,251.10,9.00,6.3149,3.50,diagnose,diagnose,scale,keep,diagnose,3.00,3.00,diagnose,"Active creative — 0 spend in last 7d, 28d total $251 — check delivery (ad set status, budget, audience size, frequency caps).","Closed: ROAS 6.31 (1.80× target) + 9 sipariş — kapatma sebebi veriden anlaşılmıyor, manuel review."
TheSwaf,1474105167195606,Mix,closed_30d,237.43,2.50,0.00,0.0000,2.20,test_more,diagnose,scale,keep,diagnose,2.00,4.00,no_consensus,"Thin data (28d spend $3, 0 purchases, age 212d) — let the creative accumulate signal.","Closed: ROAS 2.49 (1.13× target) + 5 sipariş — kapatma sebebi veriden anlaşılmıyor, manuel review."
IwaStore,3953033168334495,لا للمحراب في البيوت!!,active,236.03,223.18,0.00,0.0000,3.50,out_of_scope,diagnose,cut,test_more,cut,2.00,3.00,cut,Engine currently supports OUTCOME_SALES only; this creative is OUTCOME_ENGAGEMENT.,"$223 28g harcama + 239.21% CTR ama 0 sipariş — clicks geliyor ama dönüş yok. Tracking veya site/checkout sorunu, kreatifi tek başına suçlama."
TheSwaf,2413832812481192,watchthat,closed_30d,226.26,226.26,0.00,0.0000,2.20,cut,cut,cut,test_more,cut,4.00,2.00,cut,"0 purchases on $226 spend (28d cumulative, age 26d) — sustained zero-conversion burn.","Closed: $226 + ROAS 0.00 (0.00× target) — olgun ve hedef altı, retro-cut onaylı."
IwaStore,968020058968795,mum2boys_style,active,215.99,214.67,2.00,2.2204,3.50,test_more,test_more,keep,test_more,cut,3.00,3.00,test_more,"Thin data (28d spend $215, 2 purchases, age 5d) — let the creative accumulate signal.","$215 28g + 2 sipariş — purchase sample çok küçük, sinyal güvenilmez."
TheSwaf,2908323869499405,risklooksbetter,closed_30d,186.57,186.57,0.00,0.0000,2.20,diagnose,diagnose,test_more,test_more,diagnose,3.00,2.00,diagnose,"Tracking anomaly: spend, clicks, landing page views, add-to-cart, and checkout all have activity but purchases are zero. Verify pixel/CAPI purchase event firing before acting.","Tracking anomaly score 1.00 — sayım/attribution güvenilir değil, karar öncesi pixel + commercial truth kontrol şart."
IwaStore,1493794995651100,The heart finds,closed_30d,180.17,104.06,2.00,2.9409,3.50,test_more,cut,cut,test_more,cut,3.00,2.00,cut,"Thin data (28d spend $104, 2 purchases, age 39d) — let the creative accumulate signal.","Closed: $180 lifetime + ROAS 1.70 (0.49× target) — olgun kayıp, doğru kapatma."
TheSwaf,1484306833294778,EMB - TargeryenFlex,active,155.52,148.26,1.00,1.5121,2.20,test_more,test_more,keep,test_more,scale,3.00,3.00,test_more,"Thin data (28d spend $148, 1 purchases, age 25d) — let the creative accumulate signal.","$148 28g + 1 sipariş — purchase sample çok küçük, sinyal güvenilmez."
TheSwaf,1476506453853715,legacyrevise,closed_30d,154.40,154.40,1.00,1.2273,2.20,test_more,cut,keep,test_more,cut,2.00,3.00,no_consensus,"Thin data (28d spend $154, 1 purchases, age 26d) — let the creative accumulate signal.","Closed: $154 + ROAS 1.23 (0.56× target) — olgun ve hedef altı, retro-cut onaylı."
IwaStore,2155452695257229,Cherish every,closed_30d,152.04,76.05,1.00,3.1341,3.50,test_more,refresh,refresh,test_more,diagnose,2.00,3.00,no_consensus,"Thin data (28d spend $76, 1 purchases, age 39d) — let the creative accumulate signal.","Closed past peak (past_peak_unclear, fatigue=watch), $152 lifetime ROAS 3.58 (1.02× target) — concept iyiydi, fresh angle ile yeniden test."
IwaStore,1677986356526477,nina_deko_germany,closed_30d,138.97,68.56,2.00,3.8156,3.50,test_more,refresh,refresh,test_more,refresh,3.00,2.00,refresh,"Thin data (28d spend $69, 2 purchases, age 36d) — let the creative accumulate signal.","Closed past peak (past_peak_unclear), $139 lifetime ROAS 2.79 (0.80× target) — concept iyiydi, fresh angle ile yeniden test."
IwaStore,1298590478858258,A stunning Islamic,closed_30d,138.23,55.71,0.00,0.0000,3.50,diagnose,diagnose,cut,test_more,diagnose,3.00,3.00,diagnose,"Tracking anomaly: spend, clicks, landing page views, add-to-cart, and checkout all have activity but purchases are zero. Verify pixel/CAPI purchase event firing before acting.","Tracking anomaly score 1.00 — sayım/attribution güvenilir değil, karar öncesi pixel + commercial truth kontrol şart."
IwaStore,1491430605985827,PrayerEssentialsCatalog,active,136.79,72.26,0.00,0.0000,3.50,test_more,test_more,test_more,test_more,cut,4.00,2.00,test_more,"Thin data (28d spend $72, 0 purchases, age 41d) — let the creative accumulate signal.","$72 28g + 0 sipariş — purchase sample çok küçük, sinyal güvenilmez."
IwaStore,1696539768203616,modern.cave,active,125.87,122.90,1.00,1.8026,3.50,test_more,test_more,keep,test_more,cut,3.00,3.00,test_more,"Thin data (28d spend $123, 1 purchases, age 5d) — let the creative accumulate signal.","$123 28g + 1 sipariş — purchase sample çok küçük, sinyal güvenilmez."
TheSwaf,1879695362688413,bestseller,active,122.48,121.69,2.00,2.5968,2.20,test_more,test_more,scale,test_more,refresh,3.00,3.00,test_more,"Thin data (28d spend $122, 2 purchases, age 26d) — let the creative accumulate signal.","$122 28g + 2 sipariş — purchase sample çok küçük, sinyal güvenilmez."
TheSwaf,1761002005018656,ring,active,114.59,112.74,1.00,2.3320,2.20,test_more,test_more,refresh,test_more,refresh,3.00,2.00,test_more,"Thin data (28d spend $113, 1 purchases, age 26d) — let the creative accumulate signal.","$113 28g + 1 sipariş — purchase sample çok küçük, sinyal güvenilmez."
TheSwaf,1283690053078235,Mix,closed_30d,114.41,0.00,0.00,,2.20,test_more,test_more,keep,test_more,cut,3.00,3.00,test_more,"Thin data (28d spend $0, 0 purchases, age 216d) — let the creative accumulate signal.","Closed: sadece $114 test edildi (3×CPA eşiği $281) — olgunlaşmadan kapatıldı, daha test edilmeliydi."
IwaStore,1604466493963499,Set up my,closed_30d,110.99,81.04,0.00,0.0000,3.50,test_more,cut,test_more,test_more,cut,3.00,2.00,test_more,"Thin data (28d spend $81, 0 purchases, age 39d) — let the creative accumulate signal.","Closed: $111 + ROAS 0.00 (0.00× target) — olgun ve hedef altı, retro-cut onaylı."
TheSwaf,1655126075507081,evolution,active,106.57,104.41,0.00,0.0000,2.20,diagnose,diagnose,test_more,test_more,diagnose,3.00,2.00,diagnose,"Tracking anomaly: spend, clicks, landing page views, add-to-cart, and checkout all have activity but purchases are zero. Verify pixel/CAPI purchase event firing before acting.","Tracking anomaly score 1.00 — sayım/attribution güvenilir değil, karar öncesi pixel + commercial truth kontrol şart."
IwaStore,2793542300980492,A journey toward,active,103.06,100.62,2.00,2.9575,3.50,test_more,test_more,keep,test_more,cut,3.00,3.00,test_more,"Thin data (28d spend $101, 2 purchases, age 5d) — let the creative accumulate signal.","$101 28g + 2 sipariş — purchase sample çok küçük, sinyal güvenilmez."
TheSwaf,967102445774372,EMB - Mix,active,102.32,66.89,1.00,2.2692,2.20,test_more,test_more,refresh,test_more,scale,3.00,3.00,test_more,"Thin data (28d spend $67, 1 purchases, age 26d) — let the creative accumulate signal.","$67 28g harcama (3×CPA eşiği $281'ın altında) — sample henüz yeterli değil, devam ettir izle."
IwaStore,975269794952302,A soulful gift,active,97.33,91.31,2.00,2.0757,3.50,test_more,test_more,keep,test_more,cut,3.00,3.00,test_more,"Thin data (28d spend $91, 2 purchases, age 5d) — let the creative accumulate signal.","$91 28g + 2 sipariş — purchase sample çok küçük, sinyal güvenilmez."
IwaStore,990746656943922,Since I hung,active,85.68,85.68,2.00,1.6018,3.50,test_more,test_more,keep,test_more,cut,3.00,3.00,test_more,"Thin data (28d spend $86, 2 purchases, age 18d) — let the creative accumulate signal.","$86 28g + 2 sipariş — purchase sample çok küçük, sinyal güvenilmez."
IwaStore,1459053848960720,It added meaning,closed_30d,78.33,21.91,0.00,0.0000,3.50,test_more,test_more,keep,test_more,cut,3.00,3.00,test_more,"Thin data (28d spend $22, 0 purchases, age 39d) — let the creative accumulate signal.","Closed: sadece $78 test edildi (3×CPA eşiği $173) — olgunlaşmadan kapatıldı, daha test edilmeliydi."
IwaStore,1662781231395655,WoodenWallArtCatalog,closed_30d,76.30,76.30,0.00,0.0000,3.50,diagnose,diagnose,test_more,test_more,diagnose,3.00,2.00,diagnose,"Tracking anomaly: spend, clicks, landing page views, add-to-cart, and checkout all have activity but purchases are zero. Verify pixel/CAPI purchase event firing before acting.","Tracking anomaly score 1.00 — sayım/attribution güvenilir değil, karar öncesi pixel + commercial truth kontrol şart."
IwaStore,1244730050650427,More than,closed_30d,75.33,31.59,0.00,0.0000,3.50,test_more,test_more,refresh,test_more,refresh,3.00,2.00,test_more,"Thin data (28d spend $32, 0 purchases, age 39d) — let the creative accumulate signal.","Closed: sadece $75 test edildi (3×CPA eşiği $173) — olgunlaşmadan kapatıldı, daha test edilmeliydi."
IwaStore,882122398191881,Catalog New Collection,closed_30d,68.74,68.74,2.00,22.3746,3.50,test_more,test_more,scale,test_more,diagnose,3.00,3.00,test_more,"Thin data (28d spend $69, 2 purchases, age 27d) — let the creative accumulate signal.","Closed: sadece $69 test edildi (3×CPA eşiği $173) — olgunlaşmadan kapatıldı, daha test edilmeliydi."
IwaStore,1510126544090812,Decorating the,active,68.55,67.20,2.00,5.9254,3.50,test_more,test_more,scale,test_more,scale,3.00,2.00,test_more,"Thin data (28d spend $67, 2 purchases, age 5d) — let the creative accumulate signal.","$67 28g harcama (3×CPA eşiği $173'ın altında) — sample henüz yeterli değil, devam ettir izle."
IwaStore,1732872731454703,Glowing lanterns,closed_30d,66.34,0.00,0.00,,3.50,test_more,test_more,keep,test_more,diagnose,3.00,3.00,test_more,"Thin data (28d spend $0, 0 purchases, age 42d) — let the creative accumulate signal.","Closed: sadece $66 test edildi (3×CPA eşiği $173) — olgunlaşmadan kapatıldı, daha test edilmeliydi."
TheSwaf,882777081456596,bestsellerringsgothic,active,57.71,57.44,1.00,2.6636,2.20,test_more,test_more,refresh,test_more,scale,3.00,3.00,test_more,"Thin data (28d spend $57, 1 purchases, age 26d) — let the creative accumulate signal.","$57 28g harcama (3×CPA eşiği $281'ın altında) — sample henüz yeterli değil, devam ettir izle."
IwaStore,1127695869538738,The heart finds,active,51.66,49.32,0.00,0.0000,3.50,test_more,test_more,test_more,test_more,cut,4.00,2.00,test_more,"Thin data (28d spend $49, 0 purchases, age 5d) — let the creative accumulate signal.","$49 28g harcama (3×CPA eşiği $173'ın altında) — sample henüz yeterli değil, devam ettir izle."
TheSwaf,1417424656739964,Tastemythrevise,active,47.96,47.96,0.00,0.0000,2.20,test_more,test_more,test_more,test_more,cut,4.00,2.00,test_more,"Thin data (28d spend $48, 0 purchases, age 26d) — let the creative accumulate signal.","$48 28g harcama (3×CPA eşiği $281'ın altında) — sample henüz yeterli değil, devam ettir izle."
IwaStore,4344364212475167,Glowing lanterns,active,47.23,47.02,1.00,10.8803,3.50,test_more,test_more,keep,test_more,scale,3.00,3.00,test_more,"Thin data (28d spend $47, 1 purchases, age 18d) — let the creative accumulate signal.","$47 28g harcama (3×CPA eşiği $173'ın altında) — sample henüz yeterli değil, devam ettir izle."
IwaStore,800452073102997,Catalog New Collection,closed_30d,44.99,0.00,0.00,,3.50,test_more,test_more,keep,test_more,keep,3.00,2.00,test_more,"Thin data (28d spend $0, 0 purchases, age 41d) — let the creative accumulate signal.","Closed: sadece $45 test edildi (3×CPA eşiği $173) — olgunlaşmadan kapatıldı, daha test edilmeliydi."
IwaStore,2260100064398971,A prayer niche,closed_30d,42.05,42.05,1.00,2.2354,3.50,test_more,test_more,keep,test_more,cut,3.00,3.00,test_more,"Thin data (28d spend $42, 1 purchases, age 21d) — let the creative accumulate signal.","Closed: sadece $42 test edildi (3×CPA eşiği $173) — olgunlaşmadan kapatıldı, daha test edilmeliydi."
IwaStore,1230828315767797,WallArtCatalog,active,40.17,40.17,0.00,0.0000,3.50,test_more,test_more,test_more,test_more,diagnose,4.00,2.00,test_more,"Thin data (28d spend $40, 0 purchases, age 2d) — let the creative accumulate signal.","$40 28g harcama (3×CPA eşiği $173'ın altında) — sample henüz yeterli değil, devam ettir izle."
IwaStore,931776873000095,Catalog New Collection,active,40.15,19.95,2.00,17.3669,3.50,test_more,test_more,keep,test_more,scale,3.00,3.00,test_more,"Thin data (28d spend $20, 2 purchases, age 1d) — let the creative accumulate signal.","$20 28g harcama (3×CPA eşiği $173'ın altında) — sample henüz yeterli değil, devam ettir izle."
IwaStore,1157254709850013,Hilye-i Sherif,active,39.44,0.00,0.00,,3.50,missing,test_more,test_more,test_more,diagnose,3.00,2.00,test_more,,"$0 28g harcama (3×CPA eşiği $173'ın altında) — sample henüz yeterli değil, devam ettir izle."
IwaStore,1331879072101118,Iconic beauty,closed_30d,38.41,5.45,0.00,0.0000,3.50,test_more,test_more,keep,test_more,refresh,3.00,3.00,test_more,"Thin data (28d spend $5, 0 purchases, age 42d) — let the creative accumulate signal.","Closed: sadece $38 test edildi (3×CPA eşiği $173) — olgunlaşmadan kapatıldı, daha test edilmeliydi."
IwaStore,960144903102269,A solid foundation,closed_30d,37.71,21.78,1.00,4.7534,3.50,test_more,test_more,keep,test_more,refresh,3.00,3.00,test_more,"Thin data (28d spend $22, 1 purchases, age 39d) — let the creative accumulate signal.","Closed: sadece $38 test edildi (3×CPA eşiği $173) — olgunlaşmadan kapatıldı, daha test edilmeliydi."
TheSwaf,1945472502724074,EMB - ReligiousNecklace,active,32.51,32.51,0.00,0.0000,2.20,test_more,test_more,test_more,test_more,cut,4.00,2.00,test_more,"Thin data (28d spend $33, 0 purchases, age 26d) — let the creative accumulate signal.","$33 28g harcama (3×CPA eşiği $281'ın altında) — sample henüz yeterli değil, devam ettir izle."
TheSwaf,1229430125634078,bestsellersnecklace,active,32.47,32.47,0.00,0.0000,2.20,test_more,test_more,test_more,test_more,cut,4.00,2.00,test_more,"Thin data (28d spend $32, 0 purchases, age 26d) — let the creative accumulate signal.","$32 28g harcama (3×CPA eşiği $281'ın altında) — sample henüz yeterli değil, devam ettir izle."
IwaStore,1658131231999984,The peace of,active,32.03,0.00,0.00,,3.50,missing,test_more,keep,test_more,diagnose,2.00,3.00,test_more,,"$0 28g harcama (3×CPA eşiği $173'ın altında) — sample henüz yeterli değil, devam ettir izle."
TheSwaf,4547154848899014,softness,active,30.25,30.25,0.00,0.0000,2.20,test_more,test_more,test_more,test_more,cut,4.00,2.00,test_more,"Thin data (28d spend $30, 0 purchases, age 26d) — let the creative accumulate signal.","$30 28g harcama (3×CPA eşiği $281'ın altında) — sample henüz yeterli değil, devam ettir izle."
IwaStore,1433325747959693,Iconic beauty,closed_30d,26.27,3.74,0.00,0.0000,3.50,test_more,test_more,test_more,test_more,cut,4.00,2.00,test_more,"Thin data (28d spend $4, 0 purchases, age 36d) — let the creative accumulate signal.","Closed: sadece $26 test edildi (3×CPA eşiği $173) — olgunlaşmadan kapatıldı, daha test edilmeliydi."
IwaStore,2073086786589405,Loved styling,closed_30d,24.91,7.60,1.00,61.2934,3.50,test_more,test_more,keep,test_more,refresh,3.00,3.00,test_more,"Thin data (28d spend $8, 1 purchases, age 39d) — let the creative accumulate signal.","Closed: sadece $25 test edildi (3×CPA eşiği $173) — olgunlaşmadan kapatıldı, daha test edilmeliydi."
IwaStore,26505469559090682,Beautiful gatherings,closed_30d,22.49,8.37,1.00,11.8280,3.50,test_more,test_more,keep,test_more,refresh,3.00,3.00,test_more,"Thin data (28d spend $8, 1 purchases, age 42d) — let the creative accumulate signal.","Closed: sadece $22 test edildi (3×CPA eşiği $173) — olgunlaşmadan kapatıldı, daha test edilmeliydi."
IwaStore,1294593585891681,Timeless Crescent,closed_30d,21.21,2.31,0.00,0.0000,3.50,test_more,test_more,test_more,test_more,cut,4.00,2.00,test_more,"Thin data (28d spend $2, 0 purchases, age 41d) — let the creative accumulate signal.","Closed: sadece $21 test edildi (3×CPA eşiği $173) — olgunlaşmadan kapatıldı, daha test edilmeliydi."
TheSwaf,2467451360428576,EMB - AllRings,active,16.99,13.39,0.00,0.0000,2.20,test_more,test_more,test_more,test_more,cut,4.00,2.00,test_more,"Thin data (28d spend $13, 0 purchases, age 3d) — let the creative accumulate signal.","$13 28g harcama (3×CPA eşiği $281'ın altında) — sample henüz yeterli değil, devam ettir izle."
IwaStore,1751293382982422,Transforming a house,active,16.48,16.48,0.00,0.0000,3.50,test_more,test_more,test_more,test_more,cut,4.00,2.00,test_more,"Thin data (28d spend $16, 0 purchases, age 6d) — let the creative accumulate signal.","$16 28g harcama (3×CPA eşiği $173'ın altında) — sample henüz yeterli değil, devam ettir izle."
IwaStore,1447894557080027,Gift a sanctuary,closed_30d,16.30,0.55,0.00,0.0000,3.50,test_more,test_more,test_more,test_more,keep,4.00,2.00,test_more,"Thin data (28d spend $1, 0 purchases, age 42d) — let the creative accumulate signal.","Closed: sadece $16 test edildi (3×CPA eşiği $173) — olgunlaşmadan kapatıldı, daha test edilmeliydi."
IwaStore,1524376165982018,A prayer niche,active,14.35,14.35,0.00,0.0000,3.50,diagnose,diagnose,test_more,test_more,cut,2.00,3.00,no_consensus,"Tracking anomaly: spend, clicks, landing page views, add-to-cart, and checkout all have activity but purchases are zero. Verify pixel/CAPI purchase event firing before acting.","Tracking anomaly score 1.00 — sayım/attribution güvenilir değil, karar öncesi pixel + commercial truth kontrol şart."
IwaStore,977493541930191,Beautiful gatherings,closed_30d,13.65,1.30,0.00,0.0000,3.50,test_more,test_more,keep,test_more,refresh,3.00,3.00,test_more,"Thin data (28d spend $1, 0 purchases, age 37d) — let the creative accumulate signal.","Closed: sadece $14 test edildi (3×CPA eşiği $173) — olgunlaşmadan kapatıldı, daha test edilmeliydi."
TheSwaf,1444968763982893,EMB - TargeryenFlex,closed_30d,13.42,13.42,0.00,0.0000,2.20,diagnose,diagnose,test_more,test_more,diagnose,3.00,2.00,diagnose,"Active creative — 0 spend in last 7d, 28d total $13 — check delivery (ad set status, budget, audience size, frequency caps).","Tracking anomaly score 1.00 — sayım/attribution güvenilir değil, karar öncesi pixel + commercial truth kontrol şart."
TheSwaf,1624871925951037,whispersfromthedevil,active,11.38,11.38,0.00,0.0000,2.20,test_more,test_more,test_more,test_more,cut,4.00,2.00,test_more,"Thin data (28d spend $11, 0 purchases, age 26d) — let the creative accumulate signal.","$11 28g harcama (3×CPA eşiği $281'ın altında) — sample henüz yeterli değil, devam ettir izle."
IwaStore,1718734305961779,WoodenWallArtCatalog,active,11.18,4.91,0.00,0.0000,3.50,diagnose,diagnose,keep,test_more,diagnose,3.00,3.00,diagnose,"Tracking anomaly: spend, clicks, landing page views, add-to-cart, and checkout all have activity but purchases are zero. Verify pixel/CAPI purchase event firing before acting.","Tracking anomaly score 1.00 — sayım/attribution güvenilir değil, karar öncesi pixel + commercial truth kontrol şart."
IwaStore,1715560629433995,A soulful gift,closed_30d,10.70,1.35,0.00,0.0000,3.50,test_more,test_more,test_more,test_more,keep,4.00,2.00,test_more,"Thin data (28d spend $1, 0 purchases, age 39d) — let the creative accumulate signal.","Closed: sadece $11 test edildi (3×CPA eşiği $173) — olgunlaşmadan kapatıldı, daha test edilmeliydi."
IwaStore,2429399654167706,Decorating the,closed_30d,10.55,10.55,0.00,0.0000,3.50,diagnose,test_more,test_more,test_more,diagnose,3.00,2.00,test_more,"Active creative — 0 spend in last 7d, 28d total $11 — check delivery (ad set status, budget, audience size, frequency caps).","Closed: sadece $11 test edildi (3×CPA eşiği $173) — olgunlaşmadan kapatıldı, daha test edilmeliydi."
TheSwaf,1310237954326358,alphawolfnecklace,closed_30d,10.07,10.07,0.00,0.0000,2.20,diagnose,test_more,test_more,test_more,diagnose,3.00,2.00,test_more,"Active creative — 0 spend in last 7d, 28d total $10 — check delivery (ad set status, budget, audience size, frequency caps).","Closed: sadece $10 test edildi (3×CPA eşiği $281) — olgunlaşmadan kapatıldı, daha test edilmeliydi."
TheSwaf,1508640670664791,EMB - Mix,active,9.90,5.44,0.00,0.0000,2.20,test_more,test_more,test_more,test_more,cut,4.00,2.00,test_more,"Thin data (28d spend $5, 0 purchases, age 3d) — let the creative accumulate signal.","$5 28g harcama (3×CPA eşiği $281'ın altında) — sample henüz yeterli değil, devam ettir izle."
IwaStore,932482069494079,Gift a sanctuary,closed_30d,9.14,9.14,0.00,0.0000,3.50,diagnose,diagnose,test_more,test_more,cut,2.00,3.00,no_consensus,"Tracking anomaly: spend, clicks, landing page views, add-to-cart, and checkout all have activity but purchases are zero. Verify pixel/CAPI purchase event firing before acting.","Tracking anomaly score 1.00 — sayım/attribution güvenilir değil, karar öncesi pixel + commercial truth kontrol şart."
IwaStore,946471284944193,So happy with,active,8.77,0.00,0.00,,3.50,missing,test_more,keep,test_more,diagnose,2.00,3.00,test_more,,"$0 28g harcama (3×CPA eşiği $173'ın altında) — sample henüz yeterli değil, devam ettir izle."
IwaStore,1478679750647804,Iconic beauty,closed_30d,8.69,8.69,0.00,0.0000,3.50,diagnose,diagnose,test_more,test_more,cut,2.00,3.00,no_consensus,"Tracking anomaly: spend, clicks, landing page views, add-to-cart, and checkout all have activity but purchases are zero. Verify pixel/CAPI purchase event firing before acting.","Tracking anomaly score 1.00 — sayım/attribution güvenilir değil, karar öncesi pixel + commercial truth kontrol şart."
IwaStore,1225318442702777,Decorating the,closed_30d,8.41,1.15,0.00,0.0000,3.50,test_more,test_more,test_more,test_more,keep,4.00,2.00,test_more,"Thin data (28d spend $1, 0 purchases, age 40d) — let the creative accumulate signal.","Closed: sadece $8 test edildi (3×CPA eşiği $173) — olgunlaşmadan kapatıldı, daha test edilmeliydi."
IwaStore,2023813815225087,Glowing lanterns,closed_30d,7.34,7.34,0.00,0.0000,3.50,test_more,test_more,test_more,test_more,cut,4.00,2.00,test_more,"Thin data (28d spend $7, 0 purchases, age 26d) — let the creative accumulate signal.","Closed: sadece $7 test edildi (3×CPA eşiği $173) — olgunlaşmadan kapatıldı, daha test edilmeliydi."
IwaStore,1341073624739368,Timeless Crescent,closed_30d,6.87,6.87,0.00,0.0000,3.50,diagnose,diagnose,test_more,test_more,cut,2.00,3.00,no_consensus,"Tracking anomaly: spend, clicks, landing page views, add-to-cart, and checkout all have activity but purchases are zero. Verify pixel/CAPI purchase event firing before acting.","Tracking anomaly score 1.00 — sayım/attribution güvenilir değil, karar öncesi pixel + commercial truth kontrol şart."
IwaStore,1986352635337304,decorista_93,active,6.73,6.73,0.00,0.0000,3.50,test_more,test_more,test_more,test_more,cut,4.00,2.00,test_more,"Thin data (28d spend $7, 0 purchases, age 4d) — let the creative accumulate signal.","$7 28g harcama (3×CPA eşiği $173'ın altında) — sample henüz yeterli değil, devam ettir izle."
IwaStore,1503961571525364,It became the favorite,active,6.04,6.04,0.00,0.0000,3.50,test_more,test_more,test_more,test_more,cut,4.00,2.00,test_more,"Thin data (28d spend $6, 0 purchases, age 5d) — let the creative accumulate signal.","$6 28g harcama (3×CPA eşiği $173'ın altında) — sample henüz yeterli değil, devam ettir izle."
IwaStore,1280975290844183,New 2026 Collection,active,5.62,5.62,0.00,0.0000,3.50,test_more,test_more,test_more,test_more,cut,4.00,2.00,test_more,"Thin data (28d spend $6, 0 purchases, age 4d) — let the creative accumulate signal.","$6 28g harcama (3×CPA eşiği $173'ın altında) — sample henüz yeterli değil, devam ettir izle."
IwaStore,802825205720972,A journey toward,closed_30d,5.45,0.72,0.00,0.0000,3.50,test_more,test_more,test_more,test_more,keep,4.00,2.00,test_more,"Thin data (28d spend $1, 0 purchases, age 39d) — let the creative accumulate signal.","Closed: sadece $5 test edildi (3×CPA eşiği $173) — olgunlaşmadan kapatıldı, daha test edilmeliydi."
IwaStore,1964610134172260,Gift a sanctuary,closed_30d,5.33,0.16,0.00,0.0000,3.50,test_more,test_more,test_more,test_more,keep,4.00,2.00,test_more,"Thin data (28d spend $0, 0 purchases, age 41d) — let the creative accumulate signal.","Closed: sadece $5 test edildi (3×CPA eşiği $173) — olgunlaşmadan kapatıldı, daha test edilmeliydi."
TheSwaf,3208178412688054,EMB - Mix,active,4.27,4.27,0.00,0.0000,2.20,test_more,test_more,test_more,test_more,keep,4.00,2.00,test_more,"Thin data (28d spend $4, 0 purchases, age 13d) — let the creative accumulate signal.","$4 28g harcama (3×CPA eşiği $281'ın altında) — sample henüz yeterli değil, devam ettir izle."
IwaStore,1893545414686924,Iconic beauty,closed_30d,3.87,3.87,0.00,0.0000,3.50,test_more,test_more,test_more,test_more,cut,4.00,2.00,test_more,"Thin data (28d spend $4, 0 purchases, age 26d) — let the creative accumulate signal.","Closed: sadece $4 test edildi (3×CPA eşiği $173) — olgunlaşmadan kapatıldı, daha test edilmeliydi."
IwaStore,1271058314571959,Beautiful gatherings,active,3.67,3.67,0.00,0.0000,3.50,test_more,test_more,test_more,test_more,keep,4.00,2.00,test_more,"Thin data (28d spend $4, 0 purchases, age 17d) — let the creative accumulate signal.","$4 28g harcama (3×CPA eşiği $173'ın altında) — sample henüz yeterli değil, devam ettir izle."
IwaStore,2363238150864793,Start with,closed_30d,3.60,0.84,0.00,0.0000,3.50,test_more,test_more,test_more,test_more,keep,4.00,2.00,test_more,"Thin data (28d spend $1, 0 purchases, age 39d) — let the creative accumulate signal.","Closed: sadece $4 test edildi (3×CPA eşiği $173) — olgunlaşmadan kapatıldı, daha test edilmeliydi."
IwaStore,1345880953965537,It became the favorite,closed_30d,3.53,0.35,0.00,0.0000,3.50,test_more,test_more,test_more,test_more,keep,4.00,2.00,test_more,"Thin data (28d spend $0, 0 purchases, age 39d) — let the creative accumulate signal.","Closed: sadece $4 test edildi (3×CPA eşiği $173) — olgunlaşmadan kapatıldı, daha test edilmeliydi."
IwaStore,4367811283503430,Start with,active,2.92,2.92,0.00,0.0000,3.50,test_more,test_more,test_more,test_more,keep,4.00,2.00,test_more,"Thin data (28d spend $3, 0 purchases, age 5d) — let the creative accumulate signal.","$3 28g harcama (3×CPA eşiği $173'ın altında) — sample henüz yeterli değil, devam ettir izle."
IwaStore,2113260336123444,The golden details,active,2.89,0.00,0.00,,3.50,missing,test_more,test_more,test_more,diagnose,3.00,2.00,test_more,,"$0 28g harcama (3×CPA eşiği $173'ın altında) — sample henüz yeterli değil, devam ettir izle."
IwaStore,937889615877203,Glowing lanterns,active,2.86,2.86,0.00,0.0000,3.50,test_more,test_more,test_more,test_more,diagnose,4.00,2.00,test_more,"Thin data (28d spend $3, 0 purchases, age 11d) — let the creative accumulate signal.","$3 28g harcama (3×CPA eşiği $173'ın altında) — sample henüz yeterli değil, devam ettir izle."
IwaStore,936568185925788,Timeless Crescent,closed_30d,2.68,2.68,0.00,0.0000,3.50,test_more,test_more,test_more,test_more,cut,4.00,2.00,test_more,"Thin data (28d spend $3, 0 purchases, age 18d) — let the creative accumulate signal.","Closed: sadece $3 test edildi (3×CPA eşiği $173) — olgunlaşmadan kapatıldı, daha test edilmeliydi."
IwaStore,1300480628535229,There’s a specia,active,2.57,0.00,0.00,,3.50,missing,test_more,test_more,test_more,diagnose,3.00,2.00,test_more,,"$0 28g harcama (3×CPA eşiği $173'ın altında) — sample henüz yeterli değil, devam ettir izle."
IwaStore,984789670652584,Let the most,active,2.57,0.00,0.00,,3.50,missing,test_more,test_more,test_more,diagnose,3.00,2.00,test_more,,"$0 28g harcama (3×CPA eşiği $173'ın altında) — sample henüz yeterli değil, devam ettir izle."
IwaStore,2026401714945589,A prayer niche,active,2.54,2.54,0.00,0.0000,3.50,test_more,test_more,test_more,test_more,keep,4.00,2.00,test_more,"Thin data (28d spend $3, 0 purchases, age 12d) — let the creative accumulate signal.","$3 28g harcama (3×CPA eşiği $173'ın altında) — sample henüz yeterli değil, devam ettir izle."
IwaStore,1875473163115275,Beautiful gatherings,closed_30d,2.46,2.46,0.00,0.0000,3.50,test_more,test_more,test_more,test_more,cut,4.00,2.00,test_more,"Thin data (28d spend $2, 0 purchases, age 18d) — let the creative accumulate signal.","Closed: sadece $2 test edildi (3×CPA eşiği $173) — olgunlaşmadan kapatıldı, daha test edilmeliydi."
IwaStore,1379001707593645,Gift a sanctuary,closed_30d,2.24,2.24,0.00,0.0000,3.50,test_more,test_more,test_more,test_more,cut,4.00,2.00,test_more,"Thin data (28d spend $2, 0 purchases, age 14d) — let the creative accumulate signal.","Closed: sadece $2 test edildi (3×CPA eşiği $173) — olgunlaşmadan kapatıldı, daha test edilmeliydi."
IwaStore,942632511988052,Gift a sanctuary,closed_30d,2.22,2.22,0.00,0.0000,3.50,test_more,test_more,test_more,test_more,cut,4.00,2.00,test_more,"Thin data (28d spend $2, 0 purchases, age 27d) — let the creative accumulate signal.","Closed: sadece $2 test edildi (3×CPA eşiği $173) — olgunlaşmadan kapatıldı, daha test edilmeliydi."
IwaStore,2461627344307336,Beautiful gatherings,closed_30d,2.17,2.17,0.00,0.0000,3.50,test_more,test_more,test_more,test_more,cut,4.00,2.00,test_more,"Thin data (28d spend $2, 0 purchases, age 26d) — let the creative accumulate signal.","Closed: sadece $2 test edildi (3×CPA eşiği $173) — olgunlaşmadan kapatıldı, daha test edilmeliydi."
IwaStore,26217458397936563,decorista_93,active,1.71,1.71,0.00,0.0000,3.50,test_more,test_more,test_more,test_more,keep,4.00,2.00,test_more,"Thin data (28d spend $2, 0 purchases, age 3d) — let the creative accumulate signal.","$2 28g harcama (3×CPA eşiği $173'ın altında) — sample henüz yeterli değil, devam ettir izle."
IwaStore,911903564961526,Decorating the,closed_30d,1.62,0.99,0.00,0.0000,3.50,test_more,test_more,test_more,test_more,keep,4.00,2.00,test_more,"Thin data (28d spend $1, 0 purchases, age 28d) — let the creative accumulate signal.","Closed: sadece $2 test edildi (3×CPA eşiği $173) — olgunlaşmadan kapatıldı, daha test edilmeliydi."
TheSwaf,840261811685973,EMB - ReligiousNecklace,active,1.58,1.58,0.00,0.0000,2.20,test_more,test_more,test_more,test_more,keep,4.00,2.00,test_more,"Thin data (28d spend $2, 0 purchases, age 2d) — let the creative accumulate signal.","$2 28g harcama (3×CPA eşiği $281'ın altında) — sample henüz yeterli değil, devam ettir izle."
IwaStore,4020864904715329,Timeless Crescent,closed_30d,1.38,0.55,0.00,0.0000,3.50,test_more,test_more,test_more,test_more,keep,4.00,2.00,test_more,"Thin data (28d spend $1, 0 purchases, age 42d) — let the creative accumulate signal.","Closed: sadece $1 test edildi (3×CPA eşiği $173) — olgunlaşmadan kapatıldı, daha test edilmeliydi."
IwaStore,941843838638338,Decorating the,closed_30d,1.36,1.36,0.00,0.0000,3.50,test_more,test_more,test_more,test_more,keep,4.00,2.00,test_more,"Thin data (28d spend $1, 0 purchases, age 27d) — let the creative accumulate signal.","Closed: sadece $1 test edildi (3×CPA eşiği $173) — olgunlaşmadan kapatıldı, daha test edilmeliydi."
IwaStore,26370728439273093,Elevate your,active,1.27,0.00,0.00,,3.50,missing,test_more,test_more,test_more,diagnose,3.00,2.00,test_more,,"$0 28g harcama (3×CPA eşiği $173'ın altında) — sample henüz yeterli değil, devam ettir izle."
IwaStore,1651845599492662,Glowing lanterns,closed_30d,1.21,0.42,0.00,0.0000,3.50,test_more,test_more,test_more,test_more,keep,4.00,2.00,test_more,"Thin data (28d spend $0, 0 purchases, age 28d) — let the creative accumulate signal.","Closed: sadece $1 test edildi (3×CPA eşiği $173) — olgunlaşmadan kapatıldı, daha test edilmeliydi."
IwaStore,964936183160568,Decorating the,active,1.07,1.07,0.00,0.0000,3.50,test_more,test_more,test_more,test_more,keep,4.00,2.00,test_more,"Thin data (28d spend $1, 0 purchases, age 18d) — let the creative accumulate signal.","$1 28g harcama (3×CPA eşiği $173'ın altında) — sample henüz yeterli değil, devam ettir izle."
IwaStore,1503170044485677,Glowing lanterns,active,1.03,1.01,0.00,0.0000,3.50,test_more,test_more,test_more,test_more,keep,4.00,2.00,test_more,"Thin data (28d spend $1, 0 purchases, age 9d) — let the creative accumulate signal.","$1 28g harcama (3×CPA eşiği $173'ın altında) — sample henüz yeterli değil, devam ettir izle."
IwaStore,1681449599961309,Gift a sanctuary,closed_30d,0.82,0.46,0.00,0.0000,3.50,test_more,test_more,test_more,test_more,keep,4.00,2.00,test_more,"Thin data (28d spend $0, 0 purchases, age 32d) — let the creative accumulate signal.","Closed: sadece $1 test edildi (3×CPA eşiği $173) — olgunlaşmadan kapatıldı, daha test edilmeliydi."
IwaStore,2736771126679641,Since I hung,closed_30d,0.82,0.82,0.00,0.0000,3.50,diagnose,test_more,test_more,test_more,diagnose,3.00,2.00,test_more,"Active creative — 0 spend in last 7d, 28d total $1 — check delivery (ad set status, budget, audience size, frequency caps).","Closed: sadece $1 test edildi (3×CPA eşiği $173) — olgunlaşmadan kapatıldı, daha test edilmeliydi."
IwaStore,1692424485272995,If you’re looking,active,0.63,0.00,0.00,,3.50,missing,test_more,test_more,test_more,diagnose,3.00,2.00,test_more,,"$0 28g harcama (3×CPA eşiği $173'ın altında) — sample henüz yeterli değil, devam ettir izle."
IwaStore,905617072477248,Glowing lanterns,active,0.63,0.63,0.00,0.0000,3.50,test_more,test_more,test_more,test_more,keep,4.00,2.00,test_more,"Thin data (28d spend $1, 0 purchases, age 8d) — let the creative accumulate signal.","$1 28g harcama (3×CPA eşiği $173'ın altında) — sample henüz yeterli değil, devam ettir izle."
TheSwaf,2239437839796106,EMB - TargeryenFlex,active,0.53,0.53,0.00,0.0000,2.20,test_more,test_more,test_more,test_more,keep,4.00,2.00,test_more,"Thin data (28d spend $1, 0 purchases, age 3d) — let the creative accumulate signal.","$1 28g harcama (3×CPA eşiği $281'ın altında) — sample henüz yeterli değil, devam ettir izle."
IwaStore,881092554943010,Since I hung,closed_30d,0.52,0.52,0.00,0.0000,3.50,diagnose,test_more,test_more,test_more,diagnose,3.00,2.00,test_more,"Active creative — 0 spend in last 7d, 28d total $1 — check delivery (ad set status, budget, audience size, frequency caps).","Closed: sadece $1 test edildi (3×CPA eşiği $173) — olgunlaşmadan kapatıldı, daha test edilmeliydi."
IwaStore,1516635529950522,Iconic beauty,closed_30d,0.30,0.30,0.00,0.0000,3.50,test_more,test_more,test_more,test_more,keep,4.00,2.00,test_more,"Thin data (28d spend $0, 0 purchases, age 11d) — let the creative accumulate signal.","Closed: sadece $0 test edildi (3×CPA eşiği $173) — olgunlaşmadan kapatıldı, daha test edilmeliydi."
IwaStore,2317482965443311,decorista_93,active,0.13,0.13,0.00,0.0000,3.50,test_more,test_more,test_more,test_more,keep,4.00,2.00,test_more,"Thin data (28d spend $0, 0 purchases, age 1d) — let the creative accumulate signal.","$0 28g harcama (3×CPA eşiği $173'ın altında) — sample henüz yeterli değil, devam ettir izle."
IwaStore,4337403796547773,Iconic beauty,closed_30d,0.12,0.12,0.00,0.0000,3.50,test_more,test_more,test_more,test_more,keep,4.00,2.00,test_more,"Thin data (28d spend $0, 0 purchases, age 12d) — let the creative accumulate signal.","Closed: sadece $0 test edildi (3×CPA eşiği $173) — olgunlaşmadan kapatıldı, daha test edilmeliydi."
IwaStore,955048726939519,Gift a sanctuary,closed_30d,0.09,0.09,0.00,0.0000,3.50,test_more,test_more,test_more,test_more,keep,4.00,2.00,test_more,"Thin data (28d spend $0, 0 purchases, age 11d) — let the creative accumulate signal.","Closed: sadece $0 test edildi (3×CPA eşiği $173) — olgunlaşmadan kapatıldı, daha test edilmeliydi."
IwaStore,1281637630090710,A prayer niche,active,0.07,0.07,0.00,0.0000,3.50,test_more,test_more,test_more,test_more,keep,4.00,2.00,test_more,"Thin data (28d spend $0, 0 purchases, age 6d) — let the creative accumulate signal.","$0 28g harcama (3×CPA eşiği $173'ın altında) — sample henüz yeterli değil, devam ettir izle."
IwaStore,3174616586071964,Beautiful gatherings,closed_30d,0.03,0.03,1.00,1910.3333,3.50,test_more,test_more,keep,test_more,keep,3.00,2.00,test_more,"Thin data (28d spend $0, 1 purchases, age 9d) — let the creative accumulate signal.","Closed: sadece $0 test edildi (3×CPA eşiği $173) — olgunlaşmadan kapatıldı, daha test edilmeliydi."
IwaStore,1232574995617489,Beautiful gatherings,closed_30d,0.01,0.01,0.00,0.0000,3.50,test_more,test_more,test_more,test_more,keep,4.00,2.00,test_more,"Thin data (28d spend $0, 0 purchases, age 14d) — let the creative accumulate signal.","Closed: sadece $0 test edildi (3×CPA eşiği $173) — olgunlaşmadan kapatıldı, daha test edilmeliydi."
IwaStore,1521625876245401,Timeless Crescent,closed_30d,0.01,0.01,0.00,0.0000,3.50,test_more,test_more,test_more,test_more,keep,4.00,2.00,test_more,"Thin data (28d spend $0, 0 purchases, age 12d) — let the creative accumulate signal.","Closed: sadece $0 test edildi (3×CPA eşiği $173) — olgunlaşmadan kapatıldı, daha test edilmeliydi."
IwaStore,1589360725474198,A prayer niche,closed_30d,0.00,0.00,0.00,,3.50,missing,test_more,test_more,test_more,diagnose,3.00,2.00,test_more,,"Closed: sadece $0 test edildi (3×CPA eşiği $173) — olgunlaşmadan kapatıldı, daha test edilmeliydi."
