business_name,business_id,snapshot_at,creative_id,name,format,age_days,spend,purchases,purchase_value,impressions,link_clicks,roas,cpa,ctr,bench_roas,bench_cpa,bench_reliability,fatigue_status,frequency,economics_status,target_roas,breakeven_roas,deploy_compat,truth_state,operator_disposition,v1_primary_action,v1_lifecycle_state,v1_legacy_action,v1_confidence,v1_score
IwaStore,f8a3b5ac-588c-462f-8702-11cd24ff3cd2,2026-05-01 20:30:50.139+00,creative_bzfqye,WallArtCatalog,catalog,31,2310.73,46,7369.29,1157351,25030,3.19,50.23,2.16,,,,watch,,guarded,3.5,2.7,limited,degraded_missing_truth,review_hold,keep_in_test,validating,test_more,0.66,61
IwaStore,f8a3b5ac-588c-462f-8702-11cd24ff3cd2,2026-05-01 20:30:50.139+00,creative_gav4ek,WoodenWallArtCatalog,catalog,31,1651.36,57,8746.48,627985,12136,5.3,28.97,1.93,,,,fatigued,,eligible,3.5,2.7,compatible,live_confident,standard,refresh_replace,fatigued_winner,pause,0.72,66
IwaStore,f8a3b5ac-588c-462f-8702-11cd24ff3cd2,2026-05-01 20:30:50.139+00,creative_11qthjh,Catalog New Collection,catalog,31,1553.19,36,5885.28,386089,8906,3.79,43.14,2.31,,,,fatigued,,eligible,3.5,2.7,compatible,live_confident,standard,refresh_replace,fatigued_winner,pause,0.72,72
IwaStore,f8a3b5ac-588c-462f-8702-11cd24ff3cd2,2026-05-01 20:30:50.139+00,creative_kgfoui,A misbaha,video,31,838.24,19,2942.82,86793,2826,3.51,44.12,3.26,,,,none,,eligible,3.5,2.7,limited,degraded_missing_truth,review_hold,keep_in_test,validating,test_more,0.66,70
IwaStore,f8a3b5ac-588c-462f-8702-11cd24ff3cd2,2026-05-01 20:30:50.139+00,creative_7o6ry1,Transforming a house,video,31,830.76,25,7909.47,160435,3116,9.52,33.23,1.94,,,,none,,eligible,3.5,2.7,limited,live_confident,protected_watchlist,hold_no_touch,stable_winner,watch,0.66,84
IwaStore,f8a3b5ac-588c-462f-8702-11cd24ff3cd2,2026-05-01 20:30:50.139+00,creative_zri7ic,Every beautiful,video,31,478.65,8,1104.64,32872,762,2.31,59.83,2.32,,,,none,,blocked,3.5,2.7,limited,degraded_missing_truth,review_hold,keep_in_test,validating,test_more,0.66,78
IwaStore,f8a3b5ac-588c-462f-8702-11cd24ff3cd2,2026-05-01 20:30:50.139+00,creative_1qxpvdx,decorista_93,video,31,434.36,19,3410.65,48827,703,7.85,22.86,1.44,,,,watch,,eligible,3.5,2.7,limited,live_confident,protected_watchlist,hold_no_touch,stable_winner,watch,0.66,77
IwaStore,f8a3b5ac-588c-462f-8702-11cd24ff3cd2,2026-05-01 20:30:50.139+00,creative_tah2d0,New 2026 Collection,video,31,433.73,13,1416.73,57779,385,3.27,33.36,0.67,,,,watch,,guarded,3.5,2.7,limited,degraded_missing_truth,review_hold,keep_in_test,validating,test_more,0.66,63
IwaStore,f8a3b5ac-588c-462f-8702-11cd24ff3cd2,2026-05-01 20:30:50.139+00,creative_15m2a6d,Since I hung,video,31,373.21,6,860.07,49280,796,2.3,62.2,1.62,,,,fatigued,,blocked,3.5,2.7,compatible,live_confident,standard,refresh_replace,fatigued_winner,pause,0.72,44
IwaStore,f8a3b5ac-588c-462f-8702-11cd24ff3cd2,2026-05-01 20:30:50.139+00,creative_1cm23eg,julia_julia386,video,31,279.67,0,0,90876,148,0,0,0.16,,,,none,,blocked,3.5,2.7,limited,degraded_missing_truth,review_hold,keep_in_test,validating,test_more,0.54,68
IwaStore,f8a3b5ac-588c-462f-8702-11cd24ff3cd2,2026-05-01 20:30:50.139+00,creative_1fn7p9h,A prayer niche,video,31,274.95,7,1081.77,66408,1179,3.93,39.28,1.78,,,,none,,eligible,3.5,2.7,limited,degraded_missing_truth,review_hold,keep_in_test,validating,test_more,0.66,78
IwaStore,f8a3b5ac-588c-462f-8702-11cd24ff3cd2,2026-05-01 20:30:50.139+00,creative_nizzxl,لا للمحراب في البيوت!!,video,31,168.35,0,0,46146,103,0,0,0.22,,,,none,,blocked,3.5,2.7,limited,degraded_missing_truth,review_hold,keep_in_test,validating,test_more,0.54,64
IwaStore,f8a3b5ac-588c-462f-8702-11cd24ff3cd2,2026-05-01 20:30:50.139+00,creative_mvouqb,The heart finds,video,31,145.02,2,306.03,19796,159,2.11,72.51,0.8,,,,fatigued,,blocked,3.5,2.7,compatible,live_confident,standard,refresh_replace,fatigued_winner,pause,0.5,43
IwaStore,f8a3b5ac-588c-462f-8702-11cd24ff3cd2,2026-05-01 20:30:50.139+00,creative_1nu7pbr,Our hearts are,video,31,140.03,0,0,97602,167,0,0,0.17,,,,none,,blocked,3.5,2.7,limited,degraded_missing_truth,review_hold,keep_in_test,validating,test_more,0.44,64
IwaStore,f8a3b5ac-588c-462f-8702-11cd24ff3cd2,2026-05-01 20:30:50.139+00,creative_1jkih46,nina_deko_germany,video,31,129.43,3,387.74,6531,225,3,43.14,3.45,,,,watch,,guarded,3.5,2.7,limited,degraded_missing_truth,review_hold,keep_in_test,validating,test_more,0.56,60
IwaStore,f8a3b5ac-588c-462f-8702-11cd24ff3cd2,2026-05-01 20:30:50.139+00,creative_lusk5,Cherish every,image,31,111.02,3,544.22,25173,162,4.9,37.01,0.64,,,,fatigued,,blocked,3.5,2.7,compatible,live_confident,standard,refresh_replace,fatigued_winner,pause,0.54,57
IwaStore,f8a3b5ac-588c-462f-8702-11cd24ff3cd2,2026-05-01 20:30:50.139+00,creative_tzeupz,A stunning Islamic,video,31,100.83,1,73,7123,175,0.72,100.83,2.46,,,,none,,blocked,3.5,2.7,limited,degraded_missing_truth,review_hold,keep_in_test,validating,test_more,0.44,61
IwaStore,f8a3b5ac-588c-462f-8702-11cd24ff3cd2,2026-05-01 20:30:50.139+00,creative_6yakbd,Set up my,video,31,97.6,0,0,5598,158,0,0,2.82,,,,none,,blocked,3.5,2.7,limited,degraded_missing_truth,review_hold,keep_in_test,validating,test_more,0.44,70
IwaStore,f8a3b5ac-588c-462f-8702-11cd24ff3cd2,2026-05-01 20:30:50.139+00,creative_oh3fxx,PrayerEssentialsCatalog,catalog,31,88.79,0,0,5280,61,0,0,1.16,,,,fatigued,,blocked,3.5,2.7,compatible,live_confident,standard,refresh_replace,fatigued_winner,pause,0.5,44
IwaStore,f8a3b5ac-588c-462f-8702-11cd24ff3cd2,2026-05-01 20:30:50.139+00,creative_mkkyju,Glowing lanterns,video,31,63.99,1,511.59,28245,728,7.99,63.99,2.58,,,,fatigued,,blocked,3.5,2.7,compatible,live_confident,standard,refresh_replace,fatigued_winner,pause,0.5,55
IwaStore,f8a3b5ac-588c-462f-8702-11cd24ff3cd2,2026-05-01 20:30:50.139+00,creative_164v2ds,More than,video,31,58.32,0,0,4103,64,0,0,1.56,,,,none,,blocked,3.5,2.7,limited,degraded_missing_truth,review_hold,keep_in_test,validating,test_more,0.44,64
IwaStore,f8a3b5ac-588c-462f-8702-11cd24ff3cd2,2026-05-01 20:30:50.139+00,creative_1uqggii,It added meaning,video,31,46.82,0,0,2912,51,0,0,1.75,,,,none,,blocked,3.5,2.7,limited,degraded_missing_truth,review_hold,keep_in_test,validating,test_more,0.44,64
IwaStore,f8a3b5ac-588c-462f-8702-11cd24ff3cd2,2026-05-01 20:30:50.139+00,creative_1gkgji3,Iconic beauty,video,31,39.07,0,0,8394,104,0,0,1.24,,,,none,,blocked,3.5,2.7,limited,degraded_missing_truth,review_hold,keep_in_test,validating,test_more,0.44,64
IwaStore,f8a3b5ac-588c-462f-8702-11cd24ff3cd2,2026-05-01 20:30:50.139+00,creative_1m3nv5p,A solid foundation,image,31,33.8,1,103.53,2743,30,3.06,33.8,1.09,,,,none,,blocked,3.5,2.7,limited,degraded_missing_truth,review_hold,keep_in_test,validating,test_more,0.44,83
IwaStore,f8a3b5ac-588c-462f-8702-11cd24ff3cd2,2026-05-01 20:30:50.139+00,creative_ruy649,Decorating the,video,31,30.45,0,0,1974,56,0,0,2.84,,,,none,,blocked,3.5,2.7,limited,inactive_or_immaterial,archive_only,keep_in_test,validating,test_more,0.44,70
IwaStore,f8a3b5ac-588c-462f-8702-11cd24ff3cd2,2026-05-01 20:30:50.139+00,creative_r14rly,modern.cave,video,31,27.32,0,0,1653,16,0,0,0.97,,,,none,,blocked,3.5,2.7,limited,degraded_missing_truth,monitor_low_truth,keep_in_test,validating,test_more,0.44,64
IwaStore,f8a3b5ac-588c-462f-8702-11cd24ff3cd2,2026-05-01 20:30:50.139+00,creative_bxvoy6,mum2boys_style,video,31,26.46,0,0,1566,20,0,0,1.28,,,,none,,blocked,3.5,2.7,limited,degraded_missing_truth,monitor_low_truth,keep_in_test,validating,test_more,0.44,64
IwaStore,f8a3b5ac-588c-462f-8702-11cd24ff3cd2,2026-05-01 20:30:50.139+00,creative_1x0u7yl,Beautiful gatherings,video,31,25.12,2,156.31,5591,67,6.22,12.56,1.2,,,,fatigued,,blocked,3.5,2.7,compatible,live_confident,standard,refresh_replace,fatigued_winner,pause,0.5,66
IwaStore,f8a3b5ac-588c-462f-8702-11cd24ff3cd2,2026-05-01 20:30:50.139+00,creative_rzsa59,Gift a sanctuary,video,31,20.28,0,0,3505,46,0,0,1.31,,,,none,,blocked,3.5,2.7,limited,degraded_missing_truth,review_hold,keep_in_test,validating,test_more,0.44,64
IwaStore,f8a3b5ac-588c-462f-8702-11cd24ff3cd2,2026-05-01 20:30:50.139+00,creative_1bnj7cl,Timeless Crescent,image,31,20.18,0,0,2056,24,0,0,1.17,,,,none,,blocked,3.5,2.7,limited,degraded_missing_truth,review_hold,keep_in_test,validating,test_more,0.44,70
IwaStore,f8a3b5ac-588c-462f-8702-11cd24ff3cd2,2026-05-01 20:30:50.139+00,creative_z0iv9g,A journey toward,video,31,20.04,0,0,681,9,0,0,1.32,,,,none,,blocked,3.5,2.7,limited,inactive_or_immaterial,archive_only,keep_in_test,validating,test_more,0.44,64
IwaStore,f8a3b5ac-588c-462f-8702-11cd24ff3cd2,2026-05-01 20:30:50.139+00,creative_6ip33q,Loved styling,video,31,13.55,1,465.83,763,19,34.38,13.55,2.49,,,,none,,blocked,3.5,2.7,limited,degraded_missing_truth,review_hold,keep_in_test,validating,test_more,0.44,92
IwaStore,f8a3b5ac-588c-462f-8702-11cd24ff3cd2,2026-05-01 20:30:50.139+00,creative_16vnta7,A soulful gift,video,31,13.25,0,0,593,11,0,0,1.85,,,,none,,blocked,3.5,2.7,limited,inactive_or_immaterial,archive_only,keep_in_test,validating,test_more,0.44,70
IwaStore,f8a3b5ac-588c-462f-8702-11cd24ff3cd2,2026-05-01 20:30:50.139+00,creative_kidoxv,It became the favorite,video,31,3.09,0,0,162,1,0,0,0.62,,,,none,,blocked,3.5,2.7,compatible,inactive_or_immaterial,archive_only,block_deploy,retired,pause,0.44,46
IwaStore,f8a3b5ac-588c-462f-8702-11cd24ff3cd2,2026-05-01 20:30:50.139+00,creative_8jo0k8,Start with,image,31,2.43,0,0,228,2,0,0,0.88,,,,none,,blocked,3.5,2.7,compatible,inactive_or_immaterial,archive_only,block_deploy,retired,pause,0.44,46
IwaStore,f8a3b5ac-588c-462f-8702-11cd24ff3cd2,2026-05-01 20:30:50.139+00,creative_v5fbmo,Joyful prep,video,31,0.15,0,0,94,1,0,0,1.06,,,,none,,blocked,3.5,2.7,compatible,inactive_or_immaterial,archive_only,block_deploy,retired,pause,0.44,46
TheSwaf,172d0ab8-495b-4679-a4c6-ffa404c389d3,2026-05-02 11:55:22.868+00,creative_1emvy5x,EMB - CatalogAd,catalog,30,12338.65,84,16183.78,884938,20604,1.31,146.89,2.33,,,,none,,blocked,2.2,1.71,limited,degraded_missing_truth,review_hold,keep_in_test,validating,test_more,0.66,64
TheSwaf,172d0ab8-495b-4679-a4c6-ffa404c389d3,2026-05-02 11:55:22.868+00,creative_8qhjj,EmB - Catalog Ad,catalog,30,7422.19,53,9839.51,251725,7265,1.33,140.04,2.89,,,,none,,blocked,2.2,1.71,limited,degraded_missing_truth,review_hold,keep_in_test,validating,test_more,0.66,72
TheSwaf,172d0ab8-495b-4679-a4c6-ffa404c389d3,2026-05-02 11:55:22.868+00,creative_2dptrn,Advantage+ catalog,catalog,30,2122.32,21,5171.41,55133,2056,2.44,101.06,3.73,,,,none,,eligible,2.2,1.71,limited,live_confident,protected_watchlist,hold_no_touch,stable_winner,watch,0.66,100
TheSwaf,172d0ab8-495b-4679-a4c6-ffa404c389d3,2026-05-02 11:55:22.868+00,creative_2chqoy,wearthefearrevise,image,30,1950.29,9,1861,31721,1412,0.95,216.7,4.45,,,,none,,blocked,2.2,1.71,limited,degraded_missing_truth,review_hold,keep_in_test,validating,test_more,0.66,70
TheSwaf,172d0ab8-495b-4679-a4c6-ffa404c389d3,2026-05-02 11:55:22.868+00,creative_23qk12,Advantage+ catalog ad,catalog,30,1612.71,13,2667.7,130384,3293,1.65,124.05,2.53,,,,fatigued,,blocked,2.2,1.71,compatible,live_confident,standard,refresh_replace,fatigued_winner,pause,0.72,44
TheSwaf,172d0ab8-495b-4679-a4c6-ffa404c389d3,2026-05-02 11:55:22.868+00,creative_1d99qi7,aura,image,30,1531.33,16,3177.33,54333,1727,2.07,95.71,3.18,,,,none,,guarded,2.2,1.71,limited,live_confident,protected_watchlist,hold_no_touch,stable_winner,watch,0.66,86
TheSwaf,172d0ab8-495b-4679-a4c6-ffa404c389d3,2026-05-02 11:55:22.868+00,creative_1ikfu77,protection,image,30,1361.73,9,2284.42,48072,1557,1.68,151.3,3.24,,,,none,,blocked,2.2,1.71,limited,degraded_missing_truth,review_hold,keep_in_test,validating,test_more,0.66,64
TheSwaf,172d0ab8-495b-4679-a4c6-ffa404c389d3,2026-05-02 11:55:22.868+00,creative_ylpchy,aphrodite,image,30,1193.43,10,1948.19,39886,1182,1.63,119.34,2.96,,,,watch,,blocked,2.2,1.71,limited,degraded_missing_truth,review_hold,keep_in_test,validating,test_more,0.66,55
TheSwaf,172d0ab8-495b-4679-a4c6-ffa404c389d3,2026-05-02 11:55:22.868+00,creative_14uk7cw,fatal,image,30,944.37,7,1576.81,32499,1023,1.67,134.91,3.15,,,,none,,blocked,2.2,1.71,limited,degraded_missing_truth,review_hold,keep_in_test,validating,test_more,0.66,64
TheSwaf,172d0ab8-495b-4679-a4c6-ffa404c389d3,2026-05-02 11:55:22.868+00,creative_hltcj,depth,image,30,587.18,2,369,17555,580,0.63,293.59,3.3,,,,none,,blocked,2.2,1.71,limited,degraded_missing_truth,review_hold,keep_in_test,validating,test_more,0.54,59
TheSwaf,172d0ab8-495b-4679-a4c6-ffa404c389d3,2026-05-02 11:55:22.868+00,creative_uf55lo,AllRings,video,30,564,4,671.25,31142,1292,1.19,141,4.15,,,,none,,blocked,2.2,1.71,limited,degraded_missing_truth,review_hold,keep_in_test,validating,test_more,0.66,70
TheSwaf,172d0ab8-495b-4679-a4c6-ffa404c389d3,2026-05-02 11:55:22.868+00,creative_7det4q,biterevise,image,30,525.23,8,2108.2,16791,485,4.01,65.65,2.89,,,,watch,,eligible,2.2,1.71,limited,live_confident,protected_watchlist,hold_no_touch,stable_winner,watch,0.66,86
TheSwaf,172d0ab8-495b-4679-a4c6-ffa404c389d3,2026-05-02 11:55:22.868+00,creative_zgt8em,restraintrevise,image,30,467.34,6,1935.23,14696,492,4.14,77.89,3.35,,,,watch,,eligible,2.2,1.71,limited,live_confident,protected_watchlist,hold_no_touch,stable_winner,watch,0.66,86
TheSwaf,172d0ab8-495b-4679-a4c6-ffa404c389d3,2026-05-02 11:55:22.868+00,creative_1ckebyd,EMB - AllRings,video,30,459.83,3,513.71,32578,872,1.12,153.28,2.68,,,,watch,,blocked,2.2,1.71,limited,degraded_missing_truth,review_hold,keep_in_test,validating,test_more,0.66,50
TheSwaf,172d0ab8-495b-4679-a4c6-ffa404c389d3,2026-05-02 11:55:22.868+00,creative_8a8qqj,ancientegypt,image,30,377.85,2,240,11524,235,0.64,188.93,2.04,,,,none,,blocked,2.2,1.71,limited,degraded_missing_truth,review_hold,keep_in_test,validating,test_more,0.54,67
TheSwaf,172d0ab8-495b-4679-a4c6-ffa404c389d3,2026-05-02 11:55:22.868+00,creative_1w229oq,begintodeath,image,30,347.9,2,785,11115,336,2.26,173.95,3.02,,,,none,,guarded,2.2,1.71,limited,degraded_missing_truth,review_hold,keep_in_test,validating,test_more,0.54,79
TheSwaf,172d0ab8-495b-4679-a4c6-ffa404c389d3,2026-05-02 11:55:22.868+00,creative_5r9ggv,angelNdevill,image,30,341.02,2,374,9410,248,1.1,170.51,2.64,,,,none,,blocked,2.2,1.71,limited,degraded_missing_truth,review_hold,keep_in_test,validating,test_more,0.54,67
TheSwaf,172d0ab8-495b-4679-a4c6-ffa404c389d3,2026-05-02 11:55:22.868+00,creative_1lk4izw,death,image,30,328.7,3,520,7073,247,1.58,109.57,3.49,,,,watch,,blocked,2.2,1.71,limited,degraded_missing_truth,review_hold,keep_in_test,validating,test_more,0.66,64
TheSwaf,172d0ab8-495b-4679-a4c6-ffa404c389d3,2026-05-02 11:55:22.868+00,creative_2jh4dm,faith,image,30,324.83,1,125,9337,317,0.38,324.83,3.4,,,,none,,blocked,2.2,1.71,compatible,live_confident,standard,block_deploy,blocked,kill,0.54,31
TheSwaf,172d0ab8-495b-4679-a4c6-ffa404c389d3,2026-05-02 11:55:22.868+00,creative_ytzmrs,watchthat,image,30,226.26,0,0,5735,169,0,0,2.95,,,,none,,blocked,2.2,1.71,limited,degraded_missing_truth,review_hold,keep_in_test,validating,test_more,0.54,68
TheSwaf,172d0ab8-495b-4679-a4c6-ffa404c389d3,2026-05-02 11:55:22.868+00,creative_1c77me5,risklooksbetter,image,30,186.57,0,0,6303,196,0,0,3.11,,,,none,,blocked,2.2,1.71,limited,degraded_missing_truth,review_hold,keep_in_test,validating,test_more,0.54,64
TheSwaf,172d0ab8-495b-4679-a4c6-ffa404c389d3,2026-05-02 11:55:22.868+00,creative_j0f9os,ReligiousNecklaceFlex,video,30,181.54,0,0,7752,358,0,0,4.62,,,,none,,blocked,2.2,1.71,limited,degraded_missing_truth,review_hold,keep_in_test,validating,test_more,0.54,70
TheSwaf,172d0ab8-495b-4679-a4c6-ffa404c389d3,2026-05-02 11:55:22.868+00,creative_15qkuwr,legacyrevise,image,30,154.4,1,189.5,5346,160,1.23,154.4,2.99,,,,none,,blocked,2.2,1.71,compatible,live_confident,standard,block_deploy,blocked,kill,0.54,27
TheSwaf,172d0ab8-495b-4679-a4c6-ffa404c389d3,2026-05-02 11:55:22.868+00,creative_1cr1zc9,EMB - TargeryenFlex,video,30,119.1,0,0,14009,264,0,0,1.88,,,,none,,blocked,2.2,1.71,limited,degraded_missing_truth,review_hold,keep_in_test,validating,test_more,0.44,64
TheSwaf,172d0ab8-495b-4679-a4c6-ffa404c389d3,2026-05-02 11:55:22.868+00,creative_v6rxpx,bestseller,image,30,116.72,2,316,5213,128,2.71,58.36,2.46,,,,none,,blocked,2.2,1.71,limited,degraded_missing_truth,review_hold,keep_in_test,validating,test_more,0.44,86
TheSwaf,172d0ab8-495b-4679-a4c6-ffa404c389d3,2026-05-02 11:55:22.868+00,creative_1qql2ue,TargeryenFlex,video,30,105.97,1,206.25,9333,208,1.95,105.97,2.23,,,,none,,blocked,2.2,1.71,limited,degraded_missing_truth,review_hold,keep_in_test,validating,test_more,0.44,69
TheSwaf,172d0ab8-495b-4679-a4c6-ffa404c389d3,2026-05-02 11:55:22.868+00,creative_14mo3mu,ring,image,30,100.84,1,262.91,4718,118,2.61,100.84,2.5,,,,watch,,blocked,2.2,1.71,limited,degraded_missing_truth,review_hold,keep_in_test,validating,test_more,0.44,60
TheSwaf,172d0ab8-495b-4679-a4c6-ffa404c389d3,2026-05-02 11:55:22.868+00,creative_1uqd6gf,evolution,image,30,93.66,0,0,2194,77,0,0,3.51,,,,none,,blocked,2.2,1.71,limited,degraded_missing_truth,review_hold,keep_in_test,validating,test_more,0.44,70
TheSwaf,172d0ab8-495b-4679-a4c6-ffa404c389d3,2026-05-02 11:55:22.868+00,creative_yqjwhk,MedusaFlex,video,30,70.89,0,0,2291,80,0,0,3.49,,,,none,,blocked,2.2,1.71,limited,degraded_missing_truth,review_hold,keep_in_test,validating,test_more,0.44,64
TheSwaf,172d0ab8-495b-4679-a4c6-ffa404c389d3,2026-05-02 11:55:22.868+00,creative_1vyej00,EMB - ReligiousNecklace,video,30,61.21,1,200.74,3038,65,3.28,61.21,2.14,,,,none,,blocked,2.2,1.71,limited,degraded_missing_truth,review_hold,keep_in_test,validating,test_more,0.44,77
TheSwaf,172d0ab8-495b-4679-a4c6-ffa404c389d3,2026-05-02 11:55:22.868+00,creative_426qx5,EMB - Mix,video,30,57.46,0,0,3514,93,0,0,2.65,,,,none,,blocked,2.2,1.71,limited,degraded_missing_truth,review_hold,keep_in_test,validating,test_more,0.44,64
TheSwaf,172d0ab8-495b-4679-a4c6-ffa404c389d3,2026-05-02 11:55:22.868+00,creative_1drk18s,bestsellerringsgothic,image,30,56.7,1,153,2222,59,2.7,56.7,2.66,,,,none,,blocked,2.2,1.71,limited,degraded_missing_truth,review_hold,keep_in_test,validating,test_more,0.44,86
TheSwaf,172d0ab8-495b-4679-a4c6-ffa404c389d3,2026-05-02 11:55:22.868+00,creative_jc56ov,Tastemythrevise,image,30,47.95,0,0,1035,19,0,0,1.84,,,,none,,blocked,2.2,1.71,limited,degraded_missing_truth,review_hold,keep_in_test,validating,test_more,0.44,64
TheSwaf,172d0ab8-495b-4679-a4c6-ffa404c389d3,2026-05-02 11:55:22.868+00,creative_nheqjy,Mix,video,30,38.68,1,154.71,1692,79,4,38.68,4.67,,,,none,,blocked,2.2,1.71,limited,degraded_missing_truth,review_hold,keep_in_test,validating,test_more,0.44,92
TheSwaf,172d0ab8-495b-4679-a4c6-ffa404c389d3,2026-05-02 11:55:22.868+00,creative_1ykaj7n,softness,image,30,30.25,0,0,571,13,0,0,2.28,,,,none,,blocked,2.2,1.71,limited,inactive_or_immaterial,archive_only,keep_in_test,validating,test_more,0.44,64
TheSwaf,172d0ab8-495b-4679-a4c6-ffa404c389d3,2026-05-02 11:55:22.868+00,creative_1ff8m04,bestsellersnecklace,image,30,30.21,0,0,987,23,0,0,2.33,,,,none,,blocked,2.2,1.71,limited,inactive_or_immaterial,archive_only,keep_in_test,validating,test_more,0.44,64
TheSwaf,172d0ab8-495b-4679-a4c6-ffa404c389d3,2026-05-02 11:55:22.868+00,creative_1b3pukg,whispersfromthedevil,image,30,11.33,0,0,157,3,0,0,1.91,,,,none,,blocked,2.2,1.71,limited,inactive_or_immaterial,archive_only,keep_in_test,validating,test_more,0.44,64
TheSwaf,172d0ab8-495b-4679-a4c6-ffa404c389d3,2026-05-02 11:55:22.868+00,creative_2bbb9e,alphawolfnecklace,image,30,10.07,0,0,303,4,0,0,1.32,,,,none,,blocked,2.2,1.71,limited,inactive_or_immaterial,archive_only,keep_in_test,validating,test_more,0.44,64
TheSwaf,172d0ab8-495b-4679-a4c6-ffa404c389d3,2026-05-02 11:55:22.868+00,creative_15jtvb3,RebeccaH,image,30,0.03,0,0,2,0,0,0,0,,,,none,,blocked,2.2,1.71,compatible,inactive_or_immaterial,archive_only,block_deploy,retired,pause,0.44,46
TheSwaf,172d0ab8-495b-4679-a4c6-ffa404c389d3,2026-05-02 11:55:22.868+00,creative_1iounru,ChristianElvenSword,image,30,0.02,0,0,1,0,0,0,0,,,,none,,blocked,2.2,1.71,compatible,inactive_or_immaterial,archive_only,block_deploy,retired,pause,0.44,46
